first_name,last_name,address,date_of_birth
Travis,Wiggins,"Unit 9961 Box 1379, DPO AA 24188",2001-01-09
Paul,Walsh,"5700 Casey Fords Apt. 465, Port Crystalside, MI 92063",1988-04-23
Carolyn,Lane,"0911 David Crossing Apt. 636, West Brendashire, SC 36462",1946-05-27
Brenda,Baldwin,"9560 Lowery Mills Apt. 001, South Austintown, GA 53839",1995-04-23
Kimberly,Meyers,"64462 Kathleen Ville Suite 048, East Steven, UT 53268",1972-04-27
William,Dean,"PSC 9442, Box 7005, APO AP 63275",1933-02-22
Andrea,Tucker,"993 Renee Inlet Suite 369, Port Dustin, FM 10904",1995-03-08
Jason,Heath,"1712 Rogers Hills, Manueltown, PA 06506",1972-03-09
Megan,Schaefer,"544 Jensen Cape, Lake Davidshire, MO 95790",1953-12-29
Billy,Wilson,"5206 Jones Circles Suite 172, Solisside, WI 26767",1935-10-14
Deborah,Goodman,"610 Smith Street Suite 585, West Michaelchester, MN 41137",1951-12-25
Kathy,Johnson,"78930 Carmen Junctions Apt. 789, North Erinfurt, MA 77917",1939-10-15
Kenneth,Turner,"064 Bauer Groves Suite 151, East Christopherberg, NJ 22203",1988-07-22
Joshua,Castro,"359 Burns Stream Suite 651, East Clifford, MS 00880",1967-01-12
Christopher,Robertson,"41373 James Ridges Apt. 943, Josephton, MH 13376",1976-10-05
Elizabeth,Moreno,"4290 Matthew Lodge Apt. 699, Kylechester, NC 55565",1978-10-18
Benjamin,Hicks,"Unit 3749 Box 8248, DPO AE 21194",1979-12-09
Kim,Miller,"054 Marc Squares Suite 951, Christophershire, OH 61471",1951-08-05
Joseph,Webb,"598 Cynthia Trafficway Apt. 608, Lewisshire, OR 56006",1987-11-13
Sarah,Deleon,"296 Gonzalez Spring Suite 778, South Justinchester, VI 34846",1973-02-09
Ashley,Clark,"9282 Phelps Skyway Apt. 023, West Jennifer, OR 48880",1998-03-15
Nicholas,Novak,"56397 Allen Fort Suite 723, Port Jared, RI 46532",1978-07-05
Kathryn,Pitts,"4080 Joanna Flat, Lake Travisview, FL 51345",1926-10-14
Tiffany,Price,"05912 Mcdonald Camp, Eduardoburgh, NJ 90105",1948-01-15
Dylan,Mccullough,"6788 Perry Springs, Wilsonhaven, AL 61801",1930-07-31
Calvin,Webb,"313 Sarah Harbor, Robertborough, NE 11247",1925-11-16
Rebecca,Golden,"123 Diaz Road, North Richard, AK 05578",1979-07-24
Pamela,Valdez,"7202 Angel Plaza, Kingside, LA 02328",1952-12-20
William,James,"884 Alejandro Mission Apt. 018, Johnton, NH 63811",1977-10-27
Judith,Graham,"141 Amy Stravenue, Normantown, CT 65410",1972-10-01
Charles,Nelson,"USNV Hatfield, FPO AP 52903",1967-05-18
Kyle,Miller,"9265 Paul Parkway Suite 782, Robertmouth, DE 12830",1954-09-02
Sheryl,Brady,"PSC 1282, Box 8987, APO AE 10474",1989-03-20
Jared,Wright,"5320 Johnson Ville Apt. 798, East Monicamouth, RI 71358",1936-01-12
Ashley,Cooke,"42332 Gary Plaza, Port Douglas, IN 06913",1939-09-07
Caroline,Kirk,"97781 Kimberly Shoals Apt. 422, New Megan, ME 24601",1942-08-11
Whitney,Young,"97427 Alvarado Street Suite 066, Clementshaven, NM 31851",1942-04-22
Joshua,Scott,"34265 Wyatt Station, Robinsontown, WV 96772",1972-01-29
Amanda,Cooper,"2772 Schwartz Drive, Heathertown, OH 00749",1943-09-14
Jacob,Rodriguez,"849 Wilcox Hill, Rodneymouth, KY 57428",1961-10-22
Vincent,Robinson,"0202 Silva Corners Suite 942, New Alexamouth, MT 61694",1965-01-13
Katrina,Hensley,"PSC 4792, Box 5514, APO AP 58343",1963-07-11
David,Fuller,"7595 Donna Gateway, Jonesfurt, MH 76262",1941-08-22
Russell,Park,"900 Haynes Park Apt. 442, New Diane, IL 81509",1935-02-03
Amy,Bright,"125 Horton Forks, New Kimberly, AZ 15903",2001-01-11
William,Navarro,"3517 Aguilar Manor, Hernandezchester, TN 64175",1933-04-13
Gloria,Johnson,"8467 Kristopher Course, East Jason, NV 56212",1986-11-01
Joseph,Stephenson,"359 George Walks, West Brianberg, MD 86974",1995-03-31
Rodney,Brown,"6023 Krista Plains Apt. 281, Port Laurie, SC 61677",1940-07-23
Jacqueline,Campbell,"9333 Ashley Avenue Suite 801, Port Sergio, WA 64978",1983-06-26
Jennifer,Miller,"9511 Lonnie Union Apt. 193, Lake David, LA 67803",1950-12-11
Scott,Greene,"1644 Snyder Ports, Hunterview, LA 69631",1998-12-04
Jennifer,Santiago,"39042 Lucas Square, Kathleenhaven, OK 51846",1954-06-17
Amy,Brown,"11739 Benson Stream Apt. 130, South Rachel, RI 48341",1928-02-18
Crystal,Wilson,"87125 Baker Extensions Suite 072, Rodriguezmouth, NE 71228",1972-06-14
Hunter,Rogers,"Unit 3371 Box 9685, DPO AP 08292",1974-10-25
Wendy,Perez,"122 Evans Shores Apt. 894, Elizabethborough, NJ 57644",1924-01-09
Theresa,Gibson,"117 Joshua Plaza, North Ginaborough, TX 47709",1969-09-04
Amanda,Norman,"557 Sheppard Camp, Port Edwardville, OR 99479",1956-10-15
Megan,Miller,"35700 William Squares Apt. 484, Christinaville, RI 92068",1956-06-14
Lawrence,Fuentes,"64672 Mcbride Gateway, New Coreyton, UT 17658",1941-08-23
Mark,Perry,"3203 Stacey Station, Lake Lisa, FL 95616",1999-03-04
Nicholas,Miller,"168 Ellis Ports, West Charlesburgh, OR 41846",1948-06-24
Alicia,Hooper,"07510 Lisa Grove, East Bernard, DC 21705",1978-07-14
Mark,Mccoy,"79809 Morgan Hills Apt. 977, North Michael, MO 44766",1993-11-27
Justin,Robertson,"769 Daugherty Ramp, Lake Charlesland, TX 81970",1946-08-30
Carrie,Nelson,"86654 Cheryl Ville Suite 025, Lake Paul, WV 51278",1932-10-27
Ellen,Dominguez,"2823 Robert Glen, Lake Patricia, IN 63459",1939-11-06
Susan,Taylor,"55826 Bruce Landing Suite 719, Jeremiahbury, IL 01193",1975-05-09
Jonathan,Harris,"17187 Lindsey Dam, Amberberg, AS 13624",1943-05-28
Ariel,Medina,"87524 Brown Expressway Apt. 938, Chavezbury, AK 71109",1972-04-16
Steven,Hall,"1847 White Views Suite 854, Sonyamouth, MS 44490",2004-07-28
Rebecca,Stuart,"835 Foster Fork, Lake Keith, TX 51052",1965-11-25
Zachary,Cortez,"7147 Freeman Vista, North Sarah, AS 23882",1993-08-20
Matthew,Valencia,"PSC 6292, Box 2049, APO AA 53068",1943-08-13
Jonathan,Nguyen,"USS Watson, FPO AA 52504",1925-03-09
Jose,Lynn,"46553 Wade Rapid, Kristenport, MI 88795",1969-09-17
Jean,Powers,"51885 Patricia Bypass, South Alyssa, VA 54374",1951-11-24
Shaun,Reeves,"70783 Rivera Green, East Thomas, HI 43594",1937-01-12
Ricky,Newman,"862 Munoz Inlet, South Andre, UT 78120",1990-02-13
Glenn,Owens,"64568 Brown Union Suite 062, North Andrew, NM 18926",1975-11-04
Linda,Kirby,"63486 Heidi Viaduct Suite 897, New Gary, FM 63834",1924-12-26
Sydney,Cox,"2154 Paul Skyway Suite 247, South Jill, OK 02088",1951-01-17
Brian,Miranda,"420 Finley Alley, Port Christopher, TX 57541",1973-12-31
Ashley,Henderson,"310 Miller Harbor, South Julie, ND 28692",1948-03-11
Elaine,Gay,"8906 Cruz Flats Suite 100, West Samantha, DE 21271",1963-11-25
Sheri,Chandler,"Unit 5088 Box 1857, DPO AP 09712",1937-03-01
Rachel,Watson,"149 James Path, New Williamchester, GU 99361",1980-06-08
Arthur,Ayala,"654 Linda Forges, Bobbyshire, VA 41802",1979-05-23
Katherine,Fox,"284 Megan Turnpike Apt. 377, Kimberlyborough, PA 59277",1962-12-22
Charles,Martin,"34112 Karen Landing Suite 538, Annton, CT 40965",1964-10-10
Michelle,Young,"PSC 3193, Box 7690, APO AA 36688",1926-02-09
Tammy,Rivers,"6516 King Courts, New Markshire, VI 94270",1963-07-18
Eric,Blackwell,"USNV Cole, FPO AE 10053",1963-09-08
Donald,Shaw,"033 Torres Rapid, South David, MO 54699",1995-05-24
Mary,Johnson,"USS Blair, FPO AE 94784",2000-07-28
Cindy,Mendez,"5454 Hudson Harbor Apt. 123, New Douglas, IN 43744",1948-12-31
John,Williams,"4442 Leah Station Suite 374, East Seanstad, GA 40192",1977-11-28
Tracey,Hall,"5432 Thompson Mews Suite 604, Duncantown, GU 71409",1967-01-07
Lauren,Mcmahon,"6379 Ryan Run Apt. 049, Nixonburgh, WA 36948",1967-05-27
Alex,Quinn,"984 Ortiz Causeway Suite 131, Mercerfort, WV 78406",1952-03-14
April,Valenzuela,"0256 Bradley Fort, Port Dustin, ME 35416",1972-01-27
George,Nichols,"889 Holly Parkways, Yatesbury, AK 80676",1991-01-24
Stephen,Chandler,"0918 Jennifer Views Suite 264, East Sherrymouth, NE 73171",2000-08-26
Ryan,Boone,"189 Owens Forest, East Bob, VA 04186",1970-08-11
Derek,Walton,"USNS Perez, FPO AE 59310",1987-08-29
Juan,Bates,"23983 Hunt Bridge Apt. 508, Joshuaton, FL 11407",1999-06-15
Ivan,Hayes,"0541 Phyllis Crossroad, West Brandonberg, VA 35511",1958-05-14
Jeremy,Vazquez,"16157 Michael Lake, Lake Alexisburgh, NV 33339",1949-09-23
David,Williams,"96269 Myers Road, South Christine, MD 01029",1966-04-24
Robert,Bennett,"50647 Reed Spurs Apt. 499, South Joshua, AK 32469",1934-01-17
Shannon,Jackson,"831 Crystal Lights, Victoriaview, UT 26383",1961-03-31
John,Lee,"616 Ralph Ports Apt. 766, West Kyle, NV 89061",1930-12-09
David,Allen,"PSC 5954, Box 4405, APO AA 96693",1963-07-23
Karen,Cabrera,"9803 Andrew Neck, Lawsonbury, LA 05250",1926-08-14
Albert,Rivera,"1031 Bates Tunnel, Tabithabury, WY 58200",1992-09-08
Erin,Kaufman,"75550 Smith Gardens, Taylorside, DC 85444",1986-02-20
Andrew,Reynolds,"311 Mooney Union, West Andrew, WY 54982",2002-10-13
Jamie,Bell,"9116 Jennifer Plaza, West Amy, WY 37600",1976-06-21
Regina,Moon,"5930 Vazquez Lane, East Erinchester, VI 43875",1960-12-02
Earl,Webb,"614 Williams Squares Apt. 191, Lake Rachel, NE 42416",1976-04-20
Megan,Cox,"25712 Quinn Hill, Reyesborough, NJ 58002",1945-06-17
Regina,Wiley,"5518 Anthony Way, South Lisaborough, IL 99193",1925-05-23
Gabriel,Miller,"70735 Johns Creek, Doughertyville, WY 99910",1931-04-14
Cynthia,Johnson,"169 Anderson Springs Suite 214, East Annfurt, NJ 21219",1943-07-27
Mark,Carter,"439 Simon Mills Suite 231, Aaronhaven, TX 80804",1996-06-16
Cheryl,Rodriguez,"404 Linda Point, Daniellebury, NJ 82387",1972-07-06
Donald,Garcia,"33154 Sophia Tunnel, Austinmouth, NY 70755",1923-08-24
Joseph,Gutierrez,"53857 Robinson Crossroad Suite 875, Lake Christopherchester, AZ 14866",1959-05-03
Adrian,Davis,"020 Stephens Mountain, New Anthonyborough, NV 76177",1974-06-13
Danny,Anderson,"2831 Amy Ferry, Port James, HI 06446",1952-11-21
Courtney,Becker,"7352 Chen Fall Suite 973, Lake Jillmouth, AZ 15435",1932-10-07
David,Duncan,"4647 Thomas Curve Apt. 917, New Jenniferborough, SC 75505",2000-02-10
Vickie,Knapp,"7471 Haley Springs Apt. 982, Salazarland, NH 86089",1976-05-12
Taylor,Reyes,"49320 Baker Fords Suite 646, East Scott, DC 78721",1960-02-25
Stephen,Harding,"197 Scott Glens, South Robert, MD 00830",1924-04-24
Sara,Hall,"104 John Valley Suite 705, Lake Cathy, WA 99511",1986-06-09
Travis,Richardson,"131 Noah Brook Suite 705, Port Danielle, DC 49932",1994-07-31
Angel,Montoya,"3520 Smith Circle, Faulknerberg, UT 36001",1929-06-23
Emily,Villanueva,"6964 Elizabeth Camp, Pierceside, TN 24146",1999-06-01
George,Nelson,"681 Dean Tunnel, East Vincentmouth, NJ 71966",1999-09-11
Mark,Lester,"5024 William Mount, South Ericmouth, CT 48755",1946-01-28
Rebecca,Mahoney,"8587 Miranda Avenue Apt. 617, North Anthonyborough, MD 96382",1949-07-12
Jennifer,Mccoy,"2881 Matthew Route, Frenchbury, CA 51379",1985-10-28
Mary,Marks,"207 Benjamin Island Suite 647, Port Robertton, FL 74801",1980-09-08
Kathy,Rodriguez,"Unit 5121 Box 1769, DPO AE 55635",1926-09-16
Alicia,Lee,"899 Jason Extensions Suite 884, Codystad, DE 42654",1951-09-16
Sarah,Walsh,"2498 Whitney Rue Apt. 329, New Virginiahaven, LA 87118",1969-03-12
George,Castaneda,"27138 Mark Gateway Suite 543, Crossfurt, FL 97999",1937-06-28
Sarah,Ho,"786 Matthew Lights Apt. 105, East Zachary, OK 64791",1972-12-22
Rita,Beck,"85425 Stephanie Lodge, Rhodesshire, NH 55132",1988-01-16
Angela,Meyer,"924 Ryan Cliff Apt. 921, Wilcoxberg, WI 54083",1981-08-19
Colton,Flores,"005 John Glen, Natashatown, TN 88417",1926-09-10
Jennifer,Jackson,"76943 Keller Stravenue, Port Jenniferfort, NC 64280",1942-03-10
Lisa,Bush,"USCGC Garcia, FPO AA 88772",1934-12-02
David,Walker,"USCGC Cohen, FPO AP 69107",1970-05-29
Jason,Zamora,"0709 Steven Corner Apt. 204, Davidville, FM 84449",1950-10-02
Kristin,Walker,"6426 Roberson Turnpike Apt. 958, Rodriguezfurt, MT 83532",1933-03-07
Rachael,Cortez,"USS Gonzales, FPO AP 30497",1944-04-12
Jeffrey,Roberts,"1907 Scott Extensions, Amandatown, PR 57287",1949-05-06
Krystal,Clark,"USNV Gonzalez, FPO AA 72733",1971-11-20
Jasmine,Wagner,"7307 Scott Way, West Cindy, MH 95195",1966-11-17
Brittany,Richardson,"PSC 4935, Box 4285, APO AA 12733",1944-04-19
Robert,Clark,"2230 Wayne Squares, Millerland, MI 88531",1974-03-20
Kathy,Camacho,"98497 Rodriguez Ferry Suite 028, Levinefort, RI 30225",1964-02-04
Robert,Obrien,"450 Calvin Route, Lopezburgh, NM 39033",1978-06-26
Amanda,Le,"16582 Jacob Landing Apt. 002, Davidmouth, GU 25928",1996-12-06
Nicholas,Russo,"26932 Johnson Ville Apt. 117, Tinafort, MA 39223",1987-09-11
Andrew,Sherman,"64409 Martin Knolls Apt. 143, Kennedyland, RI 63843",1946-04-17
Alexander,Payne,"5808 Carpenter Manors Suite 083, Lake Richard, UT 23306",1981-12-13
Natalie,Williams,"87498 Michael Port, Adamland, SC 73420",1923-11-21
David,Chandler,"5423 Barbara Inlet, Elizabethbury, OH 64818",1965-04-07
Barbara,Paul,"9623 Neal Crest, Hallfurt, OH 07075",1979-08-14
Brenda,Sawyer,"5658 Chavez Glens Apt. 922, East Matthew, OR 77846",1976-07-26
Eric,Williams,"676 Jimenez Village, Theresaburgh, NE 11114",1925-10-30
Shane,Anderson,"04949 Clark Ways, Hammondfurt, VT 05898",1930-07-14
Steve,Owen,"46453 Flores Estate, Port Paulton, NE 20741",1929-12-11
Brandon,Reynolds,"341 Isabel Fields Apt. 590, South Cathy, MO 16719",1993-07-24
Melanie,Henderson,"830 Flowers Road Suite 040, West Tina, AL 89801",1961-04-14
Morgan,Berger,"38842 Harold Dam, South Kimberly, WA 88255",1980-09-27
Helen,Fernandez,"02564 Mitchell Burg Suite 142, Port Shannonchester, SC 15191",1926-04-15
John,Hinton,"0924 Cesar Roads Apt. 841, Nicholechester, NC 40835",1966-09-27
Julie,Morales,"555 Moore Springs, Davidchester, AK 04791",1924-05-12
Micheal,Lee,"26763 Jeanette Drive, Lake Christopher, ID 31540",1925-03-05
Kathleen,Burke,"3972 Natalie Stream Apt. 992, Ashleyfort, TX 69309",1963-04-23
Dawn,Burke,"9271 Garcia Plains Suite 601, Lake Angelastad, MH 76039",2000-02-14
Andrea,Brown,"73103 Courtney Squares, Johnsonstad, NY 20608",1946-07-22
Derek,Perry,"040 Medina Shoal Apt. 956, West Katie, PR 52183",1955-12-29
Lisa,Moyer,"1458 Sullivan Garden Suite 147, Stephanieside, NM 01169",1965-12-02
Christopher,Patel,"967 Michael Burgs Apt. 848, West Debrabury, KY 98812",1997-11-23
Donald,Miller,"058 King Run Suite 690, East Robertshire, IN 74392",1979-04-06
Richard,Smith,"85942 Kimberly Ridge Apt. 503, Daniellefurt, NM 41029",1958-05-25
Melody,Smith,"687 Snyder Ville Apt. 365, South Jasonshire, NC 32685",1924-11-04
Jeremy,Thompson,"87246 Deanna Shore, Ginamouth, IL 60057",1948-08-19
Jeanne,Allen,"592 Steven Course, Christopherbury, MP 10594",1959-07-26
Jared,Farmer,"515 Alicia Cape, Keithmouth, VA 62215",2001-06-11
Christopher,Jones,"5902 Fernandez Manors Apt. 746, Vanessafurt, KY 46311",1997-01-30
Rebecca,Wells,"5977 Lori Ridge, West Frederick, UT 43065",2001-09-09
Kaitlyn,Burton,"712 Greer Stream, Katherineborough, NH 03904",1964-06-02
Latoya,Moore,"98979 Jones Mountain Apt. 148, East John, MH 75960",1931-09-21
Derek,Chavez,"97774 Robert Meadows, New Adam, WA 65207",1951-10-14
Cindy,Washington,"69333 Walker Isle Apt. 460, West Lynn, NY 12524",1967-05-14
Briana,Meyer,"5825 Emma Crest, Davidview, NJ 97581",1925-06-06
Zachary,Blevins,"Unit 0727 Box 4060, DPO AA 27873",1925-02-19
Mary,Lee,"83906 Richard Tunnel, Sierraville, MI 51639",1955-11-01
Katherine,Rodriguez,"255 Kimberly Spurs Suite 417, North Mikemouth, CO 53339",1996-07-23
Angela,Stewart,"477 Anthony Pine Apt. 434, North Alexandria, DC 38143",1977-03-23
Laura,King,"USCGC Freeman, FPO AA 15583",1926-02-23
Billy,Hoover,"01699 White Dale, Ginastad, AS 92571",1968-06-22
Robert,Rogers,"6955 Sutton Mountain, Port Jessica, CO 23952",1969-11-23
Christopher,Heath,"PSC 0315, Box 3855, APO AP 56322",1931-09-27
Tina,Scott,"30197 David Green Suite 959, Rosalesshire, IL 86783",2000-08-27
Sharon,Martin,"22449 Carol Walk, Gordonhaven, VI 79539",1926-01-14
Lawrence,Wagner,"2793 Joshua Port, West Jonathanton, PW 00903",1955-12-24
Katherine,Lyons,"74702 Solomon Club, Fuentesburgh, IA 45376",1951-07-24
Christopher,Martin,"Unit 7428 Box 4331, DPO AE 06949",1966-11-04
Jose,Montes,"7023 Scott Point, Andreahaven, TN 91817",2002-10-11
Tiffany,Green,"73550 Brianna Divide, East Heidiport, MT 81303",1994-09-01
Michael,Mcdaniel,"3847 Ramirez Ports, Port Jacob, GA 05246",1996-08-09
Patrick,Norris,"52589 Nixon Pine, South Jessica, ID 73697",1998-12-23
Jerome,Townsend,"150 Benjamin Underpass Apt. 217, West Dean, OH 10487",1952-07-30
Dennis,Lucas,"2942 Burke Courts Apt. 165, Port Dakotaview, GA 97379",1998-11-21
Troy,Walker,"8208 Jeffery Groves, Sarahtown, CT 90645",1984-03-05
Lisa,Johnson,"23822 Jones Mission Suite 106, Hernandezview, NJ 61681",1999-08-28
Jon,Hernandez,"227 Susan Fields Apt. 162, Christopherland, NY 94601",1956-08-02
James,Nguyen,"08926 Roberts Gardens, South Andrew, DE 94339",1934-06-11
Vanessa,Lopez,"90435 Michael Ferry Apt. 007, New Megan, MS 33401",1958-09-22
Renee,Bush,"9133 Sandoval Valley Apt. 786, Lake Matthew, NH 40920",1966-10-13
Andrew,Estes,"5916 Ewing Wells Apt. 598, South Michaelborough, MH 38542",1989-06-24
Courtney,Mendez,"10379 Thompson Ways Apt. 183, New Richardstad, CA 28859",1999-06-03
Scott,Saunders,"9547 Cruz Circles, South Joseph, TX 26895",1993-03-25
John,Carr,"2988 Jennifer Locks, Williamfurt, KY 33072",1975-07-31
Jennifer,Klein,"7253 Larson Stravenue Apt. 777, East Nicholas, PR 53653",1989-09-04
Kimberly,Thomas,"95730 Cooke Shoals, Walkerland, NY 70765",1939-09-13
James,Holland,"525 Dustin Point Apt. 002, East Ryanborough, AS 36346",1984-03-07
Melissa,Payne,"03580 Taylor Gateway Apt. 805, Port Linda, NJ 44410",1930-09-10
Anne,Rodriguez,"657 Mann Circles Suite 906, South Samanthafurt, NY 91205",1952-04-23
Susan,Gonzalez,"66765 Thomas Prairie Suite 435, North Andrea, DE 13972",1965-04-28
Tamara,Pierce,"Unit 4137 Box 5636, DPO AP 03809",1981-05-02
Jessica,Morgan,"PSC 2282, Box 7334, APO AA 94841",1935-07-30
Steve,Jimenez,"84540 Melton Inlet Apt. 086, Port Jayside, PR 00613",1925-12-16
Christopher,Ford,"280 Farmer Port, South Jamestown, MS 77039",1958-01-23
Mark,Brown,"3304 Jeffrey Rest Apt. 728, West Mitchell, RI 85374",1944-02-07
Laura,Hill,"83767 Warner Pass, West Stanleychester, NY 10574",1957-06-09
Mariah,Morales,"84597 Tracy Valleys Apt. 065, Davismouth, MO 16909",1946-08-17
Mary,Mcgrath,"076 Lin Summit, Barkerville, WA 70720",1944-07-19
Lawrence,Fernandez,"277 Lance Meadow, Herringchester, RI 63430",1980-11-12
James,Murray,"48394 Raymond Flats Apt. 761, Mendezstad, OK 20395",1946-12-23
Steven,Walker,"04627 Johnson Circles, Jarvisbury, MH 53942",1940-10-13
Susan,Lewis,"0658 Schultz Shores Apt. 799, East Elizabethtown, NH 91591",1973-09-01
Jason,Clark,"Unit 1215 Box 9578, DPO AP 00921",1946-09-13
Daryl,Allen,"0630 Turner Springs Suite 053, Robertsonstad, OK 35449",1999-12-26
Nancy,Edwards,"67212 Angela Point, South Elizabethbury, CO 83272",1944-08-15
Angelica,Vasquez,"01776 Andrew Fork, Lake Markmouth, MO 18724",1976-09-05
Bradley,Rodriguez,"35267 Peterson Mountain Suite 658, Amyhaven, CO 52769",2002-09-16
Carlos,King,"2150 Kevin Lane, Kevinfort, WY 18703",1937-06-29
Gerald,Smith,"22253 Novak Parkways, Lynchbury, WA 37068",1987-10-24
Johnny,Daniel,"354 Smith Road Apt. 311, Randallfurt, ND 54395",1926-12-13
Jenna,Johnson,"961 Rick Place, Jasminborough, NY 87603",1971-07-12
Whitney,Bennett,"0533 Wade Parkway Suite 744, Lake Tyler, DC 05055",1938-09-27
Erica,Smith,"5087 Heather Path, North Miguelmouth, MH 57574",2001-10-12
Maxwell,Smith,"9246 West Port, Lake Andrewview, AL 22463",1935-10-01
Jeffrey,Robertson,"84401 Juarez Bridge, North Amyport, OH 78094",1986-09-13
Wanda,Pollard,"398 Brian Plains Suite 210, North Victoria, AL 90469",1982-01-08
Carl,Goodman,"77128 Smith Fort, Lisaville, NJ 55307",1990-06-22
Stephen,Allen,"4074 Victoria Radial, Lake Michael, MS 63437",1960-12-25
Robin,Sullivan,"999 Patton Fields, Victoriatown, WY 47977",1929-05-21
Joshua,Huynh,"2719 Mary Plaza Apt. 708, Woodport, DE 03974",1991-09-10
Monica,Ramirez,"034 Jeanne Avenue, New Lauriechester, MH 58065",1983-05-16
Angela,Wells,"74034 Miranda Rapid, Lake Brittany, AL 21577",1991-05-14
Julie,Morris,"725 Kayla Prairie Apt. 441, Moorestad, NJ 49681",1983-09-12
Jennifer,Jimenez,"018 Garrison Forge, Petershire, WI 60025",1947-02-13
Hannah,Osborne,"510 Fox Green, East Antonio, MD 60450",1999-07-11
Kristin,Beasley,"6843 Claudia Wells Apt. 639, North Suzanne, AL 73841",1949-10-14
Connie,Jones,"3757 Burns View Suite 759, Henrymouth, FL 41434",1943-03-17
Mario,Gomez,"835 Ortiz Extension Suite 046, Port Sean, OK 84856",1972-01-03
Melanie,Thompson,"7737 Brown Mount Apt. 180, Griffinchester, MN 81796",1995-09-10
Richard,Lucas,"857 Jacqueline Ranch Suite 698, North Danielle, VT 47083",1966-09-24
Paula,Green,"34066 Brooke Pines, Montgomeryfurt, NJ 83847",1963-07-09
Cody,Patel,"7539 Megan Mountain, West Michaelmouth, PW 93566",1949-09-25
Emily,King,"8481 Archer Mission, West Daniellechester, IL 58993",1941-09-05
David,Cruz,"Unit 3361 Box 8535, DPO AP 66801",1947-06-04
Bryan,Santiago,"59998 Marc Plains Suite 006, Rebeccaview, MT 40311",1954-11-24
Alexander,Melendez,"25378 Fox Trail, South Micheleside, MT 17783",1994-05-08
Daniel,Sanchez,"1809 Hanson Route Suite 009, Lake Angela, MN 73453",1999-10-17
Matthew,Hall,"4608 William Vista, South Keithtown, UT 38280",1996-12-13
Cassidy,Walker,"12759 Frank Rue, Sherryport, SD 88033",1955-01-30
Kim,Allen,"52732 Sydney Run, North Kendraview, NE 41073",1935-04-25
Aaron,Zimmerman,"08247 Richardson Hill, West Dustin, NE 44652",1955-07-21
Lori,Melendez,"37035 Richardson Fork, Francesland, NC 05426",1940-01-31
Amanda,Williams,"996 Gonzales Station, West Cassidy, OH 45903",1980-03-15
Tony,Lowe,"51671 Hamilton Wall Suite 754, North Teresaberg, RI 43930",1958-10-18
Catherine,Nelson,"01967 Sarah Cliff, East Biancamouth, KS 02147",1982-08-07
Amber,Hester,"058 Harris Trace, East Raymondport, GA 67560",1956-07-28
Lauren,Walker,"729 Tracy Shore Apt. 264, Gregorymouth, MS 76619",1987-08-27
Darryl,Cox,"423 Chelsey Fords Apt. 460, Chaneychester, SC 78749",2004-05-05
Clinton,Jordan,"1565 Debra Station Suite 055, Ernestland, FM 57182",1988-10-14
Michelle,Anderson,"089 Erica Loop Apt. 751, Campbellberg, AK 70240",1933-04-09
Bruce,Woodward,"0996 Cheryl Groves, Port Katherine, NE 80972",1979-08-01
Matthew,Hicks,"PSC 8939, Box 6688, APO AA 03606",1967-06-05
Amber,Rivera,"52145 John Crossroad Suite 798, Dixonton, WI 77887",1928-12-13
Michael,Moore,"PSC 4521, Box 0549, APO AE 30144",1927-02-15
Carlos,Pierce,"21798 Gary Manors, Erinton, DE 58515",1945-07-22
Mary,Torres,"6968 Kenneth Pines, Lopezberg, NE 85524",1934-11-24
Kimberly,Lewis,"USS Thomas, FPO AE 15448",1993-09-21
Aaron,Flores,"10742 Thomas Dale Suite 166, South William, MS 71377",1989-08-05
Jessica,Cook,"46441 Freeman Turnpike Apt. 163, Roberthaven, MN 21534",1974-04-01
Paul,Smith,"5523 Jessica Corners Suite 177, Conwayhaven, OH 96159",1940-12-06
Christopher,Henderson,"32957 Richardson Points, North Keith, NY 58218",1949-08-29
William,Harris,"USS Davis, FPO AE 51620",1985-04-21
Christopher,Young,"1058 Michael Fords, Angelicaberg, DC 22100",1996-03-03
Roy,Holden,"6402 Lynn Summit, Juliamouth, MT 97894",1939-11-03
Tammy,Daniels,"52318 Higgins Keys, Bowenchester, FL 26108",1986-07-12
Melanie,Logan,"1888 Rebecca Gateway, North Benjamin, NV 70845",1961-06-07
Jennifer,Yang,"2902 Phillip Extensions Suite 113, South Andrew, NH 32175",1953-11-25
Brian,Jones,"012 Kaylee Street Suite 649, Lake Danielleton, NJ 32213",1990-10-19
Sharon,Hayes,"49784 Cynthia Hollow, North Robertberg, IL 04345",1939-12-22
Roberto,Meyer,"78294 Robertson Rapids Suite 073, Mcintyremouth, LA 77655",1999-12-24
Michael,Allen,"147 Burke Pass Suite 542, South Scott, NY 50548",1970-06-05
Lynn,Leblanc,"6676 Guzman Mountains Suite 763, Clarkshire, VT 06432",1982-09-18
David,Li,"1095 Gonzalez Summit Apt. 527, Hansonside, TN 22448",1930-11-30
Victoria,Edwards,"17188 Burton Drive Apt. 224, North Michael, WI 89305",1926-08-07
Nancy,Stephens,"8579 Campbell Lane, South Sonya, NM 71102",1969-01-12
Brent,Larsen,"505 Margaret Underpass Suite 085, South Jamesfort, PA 97032",1947-09-16
Jason,Jimenez,"429 Allison Club Apt. 267, Krausechester, CO 25541",1998-01-11
Brandon,Pierce,"6908 Johnson Mall, West Reginaland, MS 84527",1997-03-20
Vanessa,Ruiz,"39446 Tanya Course Suite 515, Summertown, MT 21448",1923-08-28
Alexandria,Young,"8568 Butler Squares, East Emily, AR 97096",1973-05-30
Elizabeth,Patrick,"77360 Lowery Drive Apt. 966, Rebeccaland, ME 20200",1944-08-16
Rachael,Lopez,"497 Johnson Camp, South Stephanie, IN 94441",1982-11-25
Jeremy,Valentine,"45613 Baker Port Suite 849, East Elizabethfurt, GU 93690",1933-11-16
Jennifer,Alvarez,"4805 Kyle Lake, North Ashleychester, MP 39182",1940-08-27
Lisa,Walker,"022 Hickman Haven, New Douglas, KY 62199",2000-04-17
Thomas,Huff,"7008 Bright Branch Apt. 357, Port Nancy, NH 97439",1957-10-28
Jeffrey,George,"06787 Guerrero Greens Apt. 036, West Maria, VT 31226",1978-04-30
Anthony,Walker,"486 Brown Stravenue Suite 247, Allenmouth, MO 54150",1984-01-16
Rebecca,Anderson,"675 Brittany Park, East Paul, NM 04483",1990-09-17
Katie,Austin,"290 Harris Freeway Suite 175, Huffborough, MP 87879",1944-10-21
Tamara,Edwards,"44895 Michael Point, Snyderview, NV 62329",1978-09-11
Natalie,Park,"PSC 5922, Box 2323, APO AA 19194",1954-11-28
Caitlin,Phillips,"PSC 5142, Box 7532, APO AP 85019",1973-09-03
Angela,Roberts,"982 Justin Motorway Suite 777, New Josehaven, AK 92267",1984-04-24
Benjamin,Soto,"5781 Lynch Road Apt. 020, Lake Peterview, NM 90927",1923-07-07
Amber,Lawson,"70931 Davis Keys Suite 702, West Jennifer, MH 75118",2003-10-13
Anthony,Riley,"06834 Johnston Station, Patrickside, AS 94376",1930-01-22
Alexander,Ashley,"6593 James Isle Apt. 630, Reneeside, NV 40585",1944-04-21
Jennifer,Freeman,"PSC 1757, Box 1252, APO AE 16152",1986-12-12
Willie,Mcneil,"119 Horton Forge Apt. 455, West Tylerton, WV 75660",1957-11-25
Jenna,Gutierrez,"PSC 0110, Box 1928, APO AA 08370",1960-05-06
Ruth,Greene,"64140 Glenn Bypass, Pruittmouth, AZ 67667",1978-10-13
Michael,Avery,"8525 Steven Drive Apt. 399, Jenniferberg, WI 91322",1967-04-13
Angela,Sanchez,"31578 Brandon Run Suite 768, South Thomasshire, ND 39523",1956-03-12
Joel,Johnson,"993 Williams Station, Lake Larryland, AS 55782",1927-03-17
Sarah,Morales,"26086 Alexander Landing, Griffithshire, VA 24884",1957-04-17
Michael,Stafford,"5678 Martin Track Apt. 106, Port Coreyfort, RI 72184",1998-01-05
Bobby,Allison,"04163 Thompson Estates Apt. 446, Michaelchester, RI 51292",1944-01-02
Alicia,Walsh,"42268 Morris Shoal Apt. 562, Lake Rhondaburgh, IA 70007",1972-08-09
Jeffrey,Stanton,"USS Leonard, FPO AE 28105",1938-07-30
Shannon,Kelly,"3886 Strong Rest Apt. 179, Port Cory, MS 17793",1939-09-19
Christopher,Lopez,"380 Stephen Tunnel Suite 297, Benjamintown, PR 40898",2003-05-14
Jonathan,Simon,"7626 Anna Key, Hannahfort, ID 97845",1923-10-23
Angela,Phillips,"2282 Oconnell Heights Suite 944, Karenview, AR 36464",1966-11-06
Jeffery,Allen,"998 Bailey Rapids, Johnsonton, WA 59173",1992-02-19
Adam,Castro,"6173 Mathis Junction Apt. 003, Lake Wanda, TX 80111",1964-04-12
Samantha,Bowen,"11693 Julia Points, Lake Alyssa, AZ 17386",1964-04-13
Matthew,Patrick,"PSC 6195, Box 3057, APO AP 43321",1998-04-21
Andrew,Smith,"9899 Dawson Union Apt. 051, Brownhaven, NC 68692",1991-06-15
Travis,Harris,"4435 Silva Parks, Barberton, TX 84812",1950-02-26
Joshua,Stuart,"8834 Bauer Mews Apt. 487, East Heatherchester, LA 01026",1957-05-25
Rachel,Brady,"5131 Williams Gardens, Mccarthyshire, SC 76658",1953-06-21
Kayla,Smith,"322 Perez Mission Apt. 400, Lisaton, UT 13514",1938-06-26
Grace,Miller,"074 Fisher Expressway, Gibbsfurt, CT 70416",1967-05-28
Michelle,Griffith,"20512 Lin Plains, Lake Aliciaborough, SD 82950",2003-08-07
Eric,Lamb,"91441 Torres Drive Suite 610, Jenniferfort, IA 05242",1996-06-16
Jorge,Avery,"35408 Lynch Trafficway Suite 622, Port Jesse, WA 57895",1987-06-16
Christopher,King,"4564 Palmer Mews, Jennifermouth, FL 71752",1985-09-22
Mary,Chandler,"888 Teresa Drives, East Danielle, DE 14682",1982-05-18
Justin,Lopez,"5569 Gill Fords Suite 841, East Seth, OH 36730",1983-12-28
Joseph,Roach,"USNV Carpenter, FPO AA 70346",1995-10-04
Anne,Anderson,"3123 Thomas Summit, Amberfort, MO 22409",1991-03-24
Mary,Williams,"10220 Case Road Suite 995, Ortizshire, LA 17192",1924-07-07
John,Terry,"163 Danielle Well Apt. 331, North Gregory, IN 17386",1946-09-15
Tammie,Massey,"257 Stephen Rue Suite 528, Port Martin, MN 28311",1929-11-25
William,Williams,"326 Suzanne Mission, Edwinview, WA 48093",1995-05-10
Vincent,Chavez,"5635 Payne Lock, South Douglas, ME 99737",1965-12-27
Darius,Davis,"291 Vaughn Stravenue Apt. 774, New Erica, IL 13444",1978-02-21
Cody,Cole,"17541 Smith Forges, South Veronica, WY 44568",1967-11-25
Christopher,Chambers,"00146 Amber Row Suite 813, West Amandatown, TN 14614",1994-06-18
Brett,Mitchell,"428 Blackwell Square, Lake Deborah, NY 09700",1929-03-24
Theresa,Olsen,"0357 Barnes Flat Suite 808, Myersshire, PA 56546",1928-10-20
Daniel,Cervantes,"283 Steven Grove Suite 942, South Melissaville, TN 74364",1972-11-07
Stephanie,Bradshaw,"896 Harris Turnpike, Martinside, ME 69725",1961-07-23
Lisa,Thomas,"07167 Walton Ford Apt. 390, Yoderton, NV 92553",1941-06-07
Donald,Briggs,"614 Perez Junction, Thomasfort, GU 55735",1992-11-28
Peter,Nelson,"8482 Hall Bridge Apt. 676, Lake Jamieside, MH 61464",1996-07-09
Catherine,Gonzalez,"547 Green Points Apt. 529, Chavezmouth, MI 11248",1937-01-06
Alan,Lynch,"81205 Mckinney Shoals, Ericton, SD 49581",1958-11-09
Cathy,Watson,"03636 Petty Keys Apt. 433, West William, PW 29883",1976-05-15
Angela,Foster,"1316 Jeffrey Coves Apt. 394, Kellyborough, DE 90621",1953-09-01
James,Green,"218 Rachel Shore, Jacksonburgh, MO 84146",1971-10-08
Caitlyn,Russell,"34498 Julia Locks Suite 027, Jessicafort, VI 75600",2004-08-16
Harold,Roberson,"13296 Martinez Plain, Andrewport, MN 80400",1955-04-01
Erin,Hicks,"84698 Daniels Alley, Whitefurt, MS 34775",1930-04-23
William,Mcclure,"7814 Clark Unions, Adamsport, ME 24575",1958-03-24
Dylan,Hoover,"23887 Melissa Ramp Suite 656, Phillipsshire, NM 75513",1953-03-25
Julie,Singh,"4254 Perez Flats, New Bobby, AS 44850",1980-07-17
Erica,Smith,"1765 Roberto Ville Suite 673, Crystalburgh, MN 18300",1969-08-06
Joshua,Cook,"91618 Hartman Squares, Amyfort, DC 27512",1928-03-30
Sean,Smith,"1113 Lauren Mews, North Maryview, NJ 30154",1960-05-24
Jennifer,Davis,"5327 Garcia Oval, West Anna, NY 75899",1937-06-08
Rebecca,Goodwin,"984 Brown Loaf, Jonesport, GA 29513",1964-06-24
Tyler,Thornton,"91258 Dean Ranch Suite 115, West Josephside, NH 37913",1973-07-09
Mitchell,Berry,"8428 Craig Summit Apt. 046, Lake Anthonyview, HI 14183",1977-11-17
Hector,Sanchez,"311 Daniel Garden, Lake Deborahshire, GU 70248",1928-04-16
Kimberly,Myers,"04175 Karen Causeway, Bryantville, MH 89130",1956-10-30
Susan,Werner,"44615 Wayne Summit Apt. 083, Morganfurt, AR 29546",1960-10-25
Angela,Gomez,"5775 Robin Club, Mirandaside, CT 01144",1990-11-20
Michael,Young,"77929 Michael Circles Apt. 864, Hillburgh, RI 56064",2002-02-04
Barbara,Ramirez,"Unit 3517 Box 8642, DPO AP 01650",1995-10-28
Christopher,Atkins,"8553 Wright Field Suite 461, Harrishaven, MH 93452",1993-01-13
John,Clark,"688 Perry Mountain Apt. 992, North Jonathanview, SD 26078",1952-05-13
Melissa,Robinson,"15228 Heather Bypass, Wilcoxmouth, TX 04982",1961-06-21
Jorge,Scott,"42942 Kevin Inlet Suite 647, New Brendan, AK 42218",1982-04-06
Yesenia,Washington,"413 Tyler Ramp Apt. 513, Andrewschester, AS 30652",1923-11-24
Jacob,Lewis,"872 Valenzuela Spur, Smithburgh, MI 94430",2001-04-16
Brian,Hernandez,"72337 Evans Forest Apt. 183, Davidborough, NC 97571",1959-12-20
Amy,Young,"79117 George Burgs, New Thomas, OR 37990",1970-09-16
Jessica,Mclaughlin,"8519 Baker Island Apt. 702, South Cameron, MI 62240",1983-12-06
Peggy,Hansen,"7732 Frost Light, Winterstown, NH 19949",1952-06-13
Barbara,Schwartz,"8917 Reyes Light, Meganville, DE 36041",1968-01-24
Katie,Johnson,"65228 Powell Mount Apt. 052, Leahburgh, ID 50446",1981-12-04
Dylan,Mclean,"4011 Beck Court, North Frank, MI 85526",1976-06-29
Sharon,Walters,"45717 Jacob Lane Suite 929, New Jonathantown, AK 45637",2003-04-18
Michelle,Wong,"60660 Martinez Square, Lake Jeremyview, MS 62899",1979-10-15
Sheena,Williams,"88502 Christensen Key Apt. 446, West Megan, OH 60381",1923-07-24
Veronica,Moore,"Unit 5877 Box 5542, DPO AE 22355",1980-11-08
Mary,Stewart,"3863 Charles View, East Gregory, PA 96981",1993-09-28
Jessica,Hernandez,"6190 Doyle Row Suite 964, Phamview, WY 81507",1935-05-29
Nathan,Griffin,"796 Elliott Bypass Suite 697, Hopkinstown, NM 56312",1941-06-19
Jacqueline,Mcguire,"60104 Edward Freeway Apt. 386, Oconnorborough, FL 33403",1944-02-14
Aaron,Johnson,"45681 Christopher Field, Isaacstad, ID 04309",1930-01-20
Michael,Pearson,"61814 Kimberly Row, Lake Lauraview, VA 23276",1977-07-20
Anthony,Martin,"99681 Contreras Fords Apt. 852, Grahamshire, OK 65997",1955-10-24
Michael,Cox,"0618 Thomas Dam, Brianchester, IN 71184",1931-01-07
Andrew,Gonzalez,"USNV Miles, FPO AE 10311",1991-03-08
Morgan,Davenport,"Unit 8475 Box 9957, DPO AP 25472",1952-02-05
Christopher,Chandler,"815 Kirk Ferry, Churchville, AL 32041",1926-08-19
Steven,Mooney,"99092 Melissa Loaf Apt. 484, East Jonathan, WI 43551",1939-12-25
Michelle,Fernandez,"023 Love Oval, East Christine, IA 12017",1927-02-12
Jason,Roman,"500 Shannon Ford Apt. 074, South Nicholas, MI 21707",1956-11-08
Karen,Chambers,"3451 Diane Heights Suite 724, New Stevenville, WI 60796",1932-11-08
Dylan,Barnes,"Unit 3860 Box 0634, DPO AP 01946",1958-01-23
Anthony,Bradshaw,"907 Sharp Island Suite 336, Bradleyfurt, NE 03090",1929-10-31
David,Harris,"95501 Misty Well Suite 049, Marilynfurt, CA 57677",1924-04-10
Michael,Bush,"0185 Kaitlin Bypass, West Andrew, IL 59232",1965-07-23
Michael,Russell,"1760 Christopher Locks, Priceport, UT 85658",1968-08-24
Ricky,Taylor,"1324 Daniel Hills Apt. 162, Aprilhaven, RI 36552",1979-09-14
Andrew,Serrano,"099 Graham Shoal, Williamston, ND 94350",1977-02-11
Heather,Smith,"7883 Tara Bypass, Robertberg, MN 29751",1973-08-05
Brian,Mitchell,"354 Rebecca Dam, Victoriafurt, NM 58378",1999-05-15
Alan,Boyer,"507 Morgan Wells, East James, OK 19542",1939-04-04
Kevin,Smith,"745 Howell Plaza Suite 164, Sanfordborough, LA 70324",1994-09-18
Tyler,Benitez,"3704 Cassandra Corners, Maryfort, VI 74909",1997-09-04
Stephanie,Gregory,"USCGC Ellis, FPO AE 56344",1984-05-13
Shelley,Maldonado,"783 Marsh Spring Apt. 069, West Christopher, ME 68356",1973-08-26
Karen,Gonzalez,"93215 Paul Mission Suite 701, West Richardfurt, VA 87059",1953-07-23
Jonathan,Wolf,"519 Paul Islands Suite 487, Stephenside, FM 50099",1972-12-01
Ruth,Mueller,"PSC 7275, Box 6699, APO AA 05558",1996-03-10
Jeffery,Wheeler,"5335 Brandon Stream Apt. 686, Perryland, ND 49048",1967-09-05
Isabel,Mcgrath,"96468 Gross Land Apt. 947, South Lisa, IN 43277",1941-09-30
Bryan,Swanson,"4018 Cunningham Crest, Mendozaberg, NM 22412",1960-01-06
Thomas,Wright,"12549 Guerra Neck Apt. 284, Guzmanburgh, PA 94950",1967-02-24
Jared,Peterson,"8906 Welch Keys, West Melissafurt, MT 50585",1951-06-16
Donald,Hernandez,"406 Erin Tunnel Apt. 029, Benjaminmouth, SD 54134",1944-06-22
Scott,Knight,"372 Schwartz Prairie, West Luisfurt, KY 29461",1940-01-13
Heather,Barnett,"24191 Mcneil Neck Suite 449, Seantown, MO 64485",1958-05-24
Kayla,Cook,"845 Brown Mission Suite 434, Jillville, HI 65217",1940-12-07
Michael,Mack,"4394 Scott Causeway, Nicoleburgh, MT 27651",1968-03-03
Brenda,Huynh,"699 Todd Meadow, South Markmouth, CT 53954",1959-08-28
Renee,Hall,"641 Wesley Gardens, West Andrewhaven, UT 66930",1964-02-09
Cindy,Hughes,"049 Dustin Common Apt. 076, Taraview, MD 38133",2003-03-14
Jon,Benton,"90542 Collins Lakes Suite 507, North Robert, DC 35262",1968-10-10
Jessica,Pratt,"576 Rodney Motorway, Josephmouth, FM 00762",1934-06-24
Sarah,Nelson,"402 Jared Club, South Bruce, MN 14806",1935-09-18
Jenna,Wells,"660 Escobar Freeway Suite 321, Port Maurice, NH 18338",1971-11-20
Michael,Burke,"66540 Raven Lights Apt. 825, Monicaport, MP 31031",1977-08-08
Patrick,Duke,"104 Tara Stream Suite 023, East Gregorymouth, MI 30670",1959-07-04
Jessica,Higgins,"68192 Sanders Creek, Masonborough, VT 92298",1995-09-27
Andrew,Evans,"3651 Michael Underpass Suite 689, Rogersberg, MP 30284",1980-01-03
Pamela,Wong,"7026 Ferrell Valleys Apt. 380, New Daniel, AL 18658",1979-06-02
Kyle,Lutz,"798 Ross Forge Suite 221, Cathyview, GA 51414",1960-01-21
Vicki,Zamora,"2742 Brandy Rapid Apt. 811, Jeffreychester, NJ 87063",2000-02-22
Nicholas,Owens,"704 Shane Road Suite 193, Port Briannaside, ID 89801",2004-09-04
Allen,Elliott,"02171 Mitchell Point Apt. 421, Dukestad, VI 14520",1987-02-10
Tamara,Chavez,"414 Phillips Centers Suite 661, East Amandamouth, WI 01109",1931-09-08
Marilyn,Carter,"Unit 0766 Box 5479, DPO AA 46522",1926-09-22
Logan,Burns,"64120 Perez Extension Apt. 664, Lynnport, VT 62771",1948-01-06
Sarah,Andrade,"98362 Campbell Shore, Makaylaville, WY 40547",1933-11-09
Jonathan,Perez,"581 Alex Walk Apt. 219, Johnsonside, DE 05817",1955-05-21
Brandi,Richardson,"21120 Gray Loaf Apt. 726, Port Frederick, WY 90200",1972-11-13
Michael,Brown,"30595 Samantha Grove, Watkinsborough, MA 92228",1984-08-04
Ernest,Watson,"Unit 2513 Box 8703, DPO AE 18309",1927-02-04
Melissa,Sanchez,"767 Jake Ferry Apt. 129, New Jeffreyport, KY 59372",1928-04-01
Eric,Allen,"36654 Nguyen Road Apt. 557, East John, MO 67414",1930-05-26
John,Johns,"37257 Smith Stravenue Apt. 560, Lake Bryan, SD 86944",1935-08-26
Jose,Bowman,"45151 John Mission, North Randymouth, VT 18304",1965-02-09
Karen,Sullivan,"256 Howard Pike, Lake Cathy, UT 01236",1978-01-10
James,Hughes,"6146 Nguyen Tunnel, Port Stevenchester, FM 57968",1956-02-23
Anthony,Ramirez,"USS Myers, FPO AA 51903",1983-02-24
Joyce,Rangel,"9504 Johnson Center Apt. 770, Stewartmouth, GU 41077",1975-05-26
Timothy,Carroll,"66225 Karen Corners, Meganside, ME 43984",1924-07-08
Cynthia,Jenkins,"0842 Stark Orchard Suite 098, New Bruce, IN 90629",1970-06-01
Gail,Cabrera,"502 Collier Run, Ingramchester, TX 49760",1988-02-19
Christina,Lee,"69615 Charlene Isle Suite 430, Campbelltown, PR 82665",1931-03-21
Justin,Mayer,"0511 Wood Ramp Suite 805, North Nancy, ID 22033",1940-01-29
Daniel,Beard,"80493 Thomas Union, Dawnport, IN 47147",1954-04-08
Laura,Harper,"50151 Laura Valleys, Port Josephbury, ID 72380",1938-07-27
Robert,Short,"961 Penny Locks, East Robertfurt, OK 50814",1928-08-19
Jonathan,Schwartz,"163 John Ranch Apt. 622, Sarahfurt, AS 13805",1932-09-14
Andrew,Smith,"17135 Patricia Orchard Apt. 636, South Donald, DC 94085",1930-06-22
Lauren,Norris,"994 Gregory Ford, East Jenniferside, NY 63527",1953-01-11
Michael,Hernandez,"PSC 2691, Box 1985, APO AA 44697",1978-06-13
Pamela,Flores,"603 Kristin View, South Kirkberg, CT 63401",1930-03-24
Kaitlyn,Barnes,"00526 James Crest, Paulland, HI 80192",1990-06-06
Wendy,Russell,"5438 Stacey Mountains, Stewartstad, DC 96587",1932-02-15
Katherine,Dixon,"357 Kimberly Underpass Suite 972, South Kathryn, MI 80169",1939-01-11
Kimberly,Howell,"911 Murray Plaza, North Rodney, FL 85345",1925-09-04
Angela,Friedman,"8376 Wise Hollow, South Patrick, SC 40409",1957-07-15
Brenda,Wright,"3695 Erin Trace, Thomasmouth, DE 78950",1942-08-19
Tracy,Dawson,"65442 Richardson Curve, Tinaberg, PA 31443",1951-11-21
Jill,Hernandez,"73330 Dodson Pass Apt. 004, North Kim, GA 78530",1938-05-25
David,Jackson,"688 Robert Street, Reedview, PA 14572",1995-11-26
Sean,Elliott,"5626 Adams Road Suite 358, Justinton, MS 28391",2005-03-18
Janet,Graham,"380 Hill Flats, East Davidfurt, AZ 91462",1983-01-30
Sheryl,Pearson,"3442 Stevenson Springs Suite 941, Tranhaven, ND 80472",1928-07-05
Zachary,Sharp,"274 Ramos Spurs, Smithfort, MO 75668",1931-01-14
John,Holder,"Unit 3130 Box 8078, DPO AE 80878",1926-08-19
Natalie,Parks,"1070 Melissa Place Apt. 080, Thompsonburgh, ND 41776",1965-05-19
Suzanne,Murray,"PSC 5755, Box 5556, APO AA 02756",1977-05-23
Joe,Ruiz,"61258 Rice Isle, North Victoriamouth, ND 08698",2002-11-07
Cheryl,Gomez,"910 Cisneros Roads, West Elizabethmouth, KS 44205",1938-01-20
Christopher,Russo,"84354 William Center Apt. 660, Rodriguezton, MO 24780",1942-04-28
Crystal,Richards,"48630 Clarence Junctions, Castillochester, WV 39083",1930-09-24
Ashley,Matthews,"85127 Robert Mountains Suite 998, West Sara, TN 69231",1969-06-30
Ashlee,Jensen,"790 Gary Cliffs, Jessicamouth, NV 84497",1958-03-26
Miguel,Scott,"7108 Johnny Fork Suite 413, East Kristinborough, KY 67263",1982-10-31
Tammy,Jenkins,"167 Peck Rue, Lake Erintown, MN 89345",1933-04-26
Shari,Mercado,"20575 Michael Mall Suite 107, Lake Jamesview, ME 53718",1982-10-13
Janet,Casey,"17083 Koch Viaduct Apt. 660, Port Stephenside, OR 38492",1930-11-23
Christopher,Mcfarland,"3475 Ross Rapid, South Josephberg, MO 91287",1975-11-24
Ronald,Hale,"3138 Paul Islands, West Robertport, MN 03777",1970-01-25
Maurice,Taylor,"Unit 7124 Box 0840, DPO AP 45613",1991-07-04
Michael,Mccoy,"8901 Rodriguez Turnpike, Lauraberg, OR 41195",1969-03-29
Amanda,Scott,"13636 Webb Center Apt. 400, New Josephstad, MT 04307",1955-08-11
Robert,Suarez,"Unit 4079 Box 7375, DPO AP 43781",1998-06-26
Lee,Harper,"1963 Theresa Port, Keithside, MP 54750",1942-03-08
Deanna,Sutton,"35114 Dalton Fork Suite 600, Dennishaven, GU 78500",1956-03-04
Rebecca,Sanchez,"33139 Powell Village Apt. 911, East Jenniferhaven, PA 53645",1978-01-08
Jamie,Martinez,"Unit 0464 Box 7604, DPO AP 75314",1931-12-12
William,Thompson,"087 Richard Parkway Apt. 164, Stevensmouth, OH 74301",1951-05-04
Jessica,Edwards,"482 Flores Hollow, South Roymouth, OK 15009",1927-01-10
Douglas,Jackson,"4892 Frank Glens Apt. 209, West Matthew, KY 77854",1977-12-12
Courtney,Martin,"147 Aguilar Circles, Jacobville, NC 99329",1989-07-24
Jay,Murphy,"677 Martin Greens, Vasquezfort, KY 78531",1945-06-09
Lisa,Lewis,"7173 Parker Via Apt. 460, Melissafurt, CA 30480",1931-05-07
Bradley,Jones,"56666 Shaun Tunnel, Adamshire, TX 93533",1980-01-14
Randall,Dunn,"1560 Carol Rapid Suite 938, North Kenneth, VA 94589",1971-04-19
Beverly,Gonzalez,"3894 Morton Parks, Stewartview, NC 54272",2002-01-16
Jeffrey,Miller,"58599 Patricia Passage, Port Samuel, CO 65238",1977-12-29
Marcia,Salazar,"5160 Alan Circle, West Jorge, GU 86453",1975-06-25
Ashley,Jackson,"Unit 9360 Box 1938, DPO AA 86922",1999-10-16
Terri,Adams,"00494 Michael Dam Suite 114, Yoderville, MS 90535",1958-12-29
Nicholas,Salazar,"71140 Timothy Creek, East Briannaberg, AZ 44401",1993-03-20
Deborah,Mcconnell,"023 Randy Square, Cynthiaport, VT 36775",1970-12-12
Jessica,Scott,"5285 Murphy Cove, Lake Connie, ME 92560",1992-12-01
Jeremy,Johnson,"6211 Morgan Track Suite 567, South Mary, ID 30897",1937-01-31
Alyssa,Davis,"0248 Avila Prairie, New Yolanda, TX 94827",1931-03-24
Monique,Thompson,"935 Johnson Ferry Suite 232, Ralphville, OH 90010",1939-09-08
Catherine,Mccarthy,"8880 Soto Loaf Apt. 257, Jennifermouth, MI 03892",1978-02-08
David,Porter,"73255 Green Stravenue, East Anthony, PR 00741",1927-03-09
Christopher,Perez,"610 Ewing Mission, North Sydney, VI 97078",1988-10-20
Jose,Russell,"34007 Jessica Corners, Brianborough, MN 56287",1972-12-25
Jennifer,Smith,"56227 Boyd Turnpike, North Christopher, DC 01110",1960-11-26
Amber,Fletcher,"77558 Gregory Place, Jenniferport, CT 81211",1983-04-23
Jaime,Douglas,"USNS Frank, FPO AP 30370",1961-12-26
Leah,Clark,"91039 James Motorway Apt. 829, Lake Leslie, ND 19616",1957-11-18
Heather,Mason,"41427 Danny Island, Patrickberg, NC 70021",1974-10-21
Jonathan,Jones,"56213 Colleen Rapid Suite 666, Scottport, ME 25779",2005-01-06
Matthew,Ruiz,"663 Robert Village, North Katieburgh, MS 94690",1996-06-12
Sarah,Yu,"0540 Summers Roads Apt. 492, New Jason, NV 76028",1940-05-20
Thomas,Hill,"2355 Gonzalez Shores Suite 773, South Matthewburgh, MO 34271",1948-06-17
Joshua,Jacobs,"36470 Joshua Well, North Troymouth, NM 77854",1990-02-20
Sandra,Hunt,"633 Maria Mountain, West Jenniferfurt, SC 61451",1952-05-19
Alexandria,Carroll,"52223 Ian Valley, South Yvonne, ME 00933",2004-01-21
Amanda,Jackson,"4391 Justin Falls, Hodgemouth, MA 23410",1947-02-11
Walter,Hood,"36660 Barnett Via Apt. 798, Shannonview, IN 98995",1926-04-05
Justin,Burgess,"USNS Thomas, FPO AA 62685",1977-10-21
Antonio,Harvey,"395 Alexander Pike Suite 993, Tylerbury, SD 29685",1972-11-19
Katherine,Arellano,"215 Michael Valleys Suite 898, West Allison, VI 73397",1968-09-05
Heather,Lee,"7393 Joan Spurs Suite 608, Santiagoton, DC 56933",1942-07-29
Laura,Garrett,"2480 Orozco Locks, Beverlyside, MH 11835",1963-12-14
Diana,Petersen,"664 Christopher Ways Apt. 597, West Mariahbury, DC 59330",1948-07-08
Thomas,Drake,"844 Hopkins Parkway, Port Rebecca, SD 22327",1953-11-23
Joshua,Wolf,"591 Lisa Locks Suite 475, Wardchester, DC 30110",1973-04-21
Keith,Thompson,"52487 Berger Passage Suite 502, East Mario, RI 09118",1971-09-03
Alexander,Sanchez,"9495 Brett Green, Bradystad, OK 76405",1935-01-08
Angela,Walker,"521 Keith Meadows, New Lisa, LA 35742",1937-02-27
Teresa,Floyd,"9919 Long Viaduct, Port Jamie, PR 81789",1939-02-11
Troy,Little,"995 Victoria Passage Apt. 780, South Mirandaland, TX 67522",1976-05-16
Anthony,Reyes,"Unit 5401 Box 7410, DPO AE 79166",1939-08-04
Herbert,Gilmore,"32409 Berger Passage Apt. 046, New Keithmouth, TX 29605",1986-09-28
Jennifer,Zamora,"384 Barker Center, Andrewville, TX 74297",1981-03-24
Marissa,Taylor,"PSC 1408, Box 6387, APO AP 37525",1997-09-26
Mark,Mcguire,"36411 Woods Mission, East Michelleland, CT 68398",1944-10-02
Lisa,Hernandez,"632 Leslie Haven Suite 422, Shawntown, CT 19453",2001-08-03
Charles,Stout,"377 Leslie Gardens, East Brooke, SD 13750",1986-07-07
Glenn,Barrera,"9151 Lawrence Springs, Johnstad, NV 22963",1948-04-13
Joseph,Brown,"443 Garcia Shore Apt. 037, Delgadoville, MD 53991",1971-02-19
John,Garrett,"29104 Gonzalez Greens Apt. 601, Eduardofort, OK 89533",1929-02-19
Lance,Meyer,"7690 Houston Parks Apt. 105, North Michaelfurt, FL 59914",1954-08-17
Douglas,Cabrera,"262 Kenneth Stravenue, Hensleyburgh, CO 69915",1963-01-21
Caleb,Flowers,"36704 Alvarez Forges, South Jenniferburgh, CT 87126",1931-04-30
Tanner,Lozano,"89359 Dominguez Wall Suite 987, Lydiaville, MI 23395",1959-03-06
Jack,Baker,"7625 Michael Walk, North Christopher, KY 22723",1947-06-06
Cassidy,Butler,"56975 Madden Vista Apt. 914, Lindashire, IN 48528",1936-08-13
Daniel,Welch,"6955 Deleon Fall Suite 164, South Amandamouth, CA 07113",1945-09-30
Monica,May,"5976 Dorsey Shoals, Travismouth, MI 72835",1998-04-19
Joseph,Jimenez,"580 Lopez Coves, Kimmouth, OR 98137",1951-01-14
Maureen,Rivera,"3373 White Fords Apt. 403, New Kristen, NV 64438",1971-10-06
Melissa,Bush,"287 Solis Knoll Apt. 580, South Mitchellbury, AS 19392",1952-10-04
David,Ramirez,"1357 Jefferson Knolls, East Jason, CA 71227",1980-10-07
Sandra,Anderson,"26686 Patel Stream, North Michael, ME 03800",1962-09-30
Curtis,Sanchez,"74841 Petty Parkways Apt. 672, Jennifertown, TN 13049",1945-08-23
Brenda,Short,"4045 James Spring, Joanville, AR 05265",1945-07-16
Michael,Mccormick,"894 Amanda Rapid, Williamstown, IA 63858",1926-06-02
Stanley,Levy,"4085 Charles Throughway Suite 458, Lake Maryton, OK 96409",1982-02-13
Jennifer,Molina,"309 Donna Knoll, Lukeburgh, NJ 24673",1976-08-09
Debra,Olson,"0130 Nicholas Unions, Jasonside, NV 50004",1963-09-20
Christine,Ruiz,"5425 Alex Mountains Apt. 625, East Meredithtown, MS 22920",1997-02-22
Benjamin,Vang,"077 Andrea Creek Apt. 414, Jaychester, MT 30328",1924-05-01
Tim,Beck,"95892 Francisco Fort Suite 804, Port Rachelton, NY 13646",1925-02-08
Anthony,Harrison,"18236 Cisneros Garden Suite 764, Natashaberg, GU 20259",1927-03-23
Melissa,Peterson,"56301 Sean Canyon, Lake Samuel, TN 13824",1999-10-22
Jennifer,Moore,"006 Kennedy Skyway Apt. 392, South Nichole, NV 68992",1960-02-19
Felicia,Parks,"713 Heather Parkways, South Rachel, SC 51429",1997-05-03
Ruben,Anderson,"Unit 5889 Box 0038, DPO AA 64490",1925-05-22
Nicole,Molina,"7628 Paul Square Apt. 143, East Jenniferburgh, ND 97953",1948-04-06
Peter,Pratt,"008 Mary Circle, Sandrafurt, MP 99384",1952-03-26
Derek,Lester,"4027 Morrison Plaza, West Dariusburgh, ND 98186",1985-02-26
Deborah,Steele,"619 Kristen Trail Apt. 079, Port Stacy, PW 28760",1991-11-06
Dawn,Rocha,"1955 John Fork, Debrastad, AZ 28840",1995-09-10
Bradley,Maxwell,"413 Stark Gateway Suite 416, Caseymouth, MO 82810",1953-08-12
Jennifer,Johnson,"948 Riley Crossing, Justinchester, NV 96603",1941-04-15
Richard,Flores,"PSC 0891, Box 2918, APO AA 99229",1956-08-31
Amanda,Small,"573 Daniel Trafficway Suite 285, Davisborough, AK 34993",1982-08-07
Anthony,Davis,"024 Christopher Lake Suite 586, Makaylaville, KS 64038",1989-10-12
Julia,Olson,"3553 Jesus Stravenue, North Waynechester, MS 51131",1989-04-24
Steven,Edwards,"077 Monroe Hills Suite 164, Danielchester, NC 32463",1937-11-06
Steven,Salazar,"92330 Heath Loaf, Gutierrezside, NV 40265",1995-06-12
Rose,Taylor,"33522 Christina Lakes Apt. 253, South Sethhaven, AR 80890",1992-12-10
Henry,Taylor,"79236 Tanya Divide Suite 158, Toddside, AR 78976",1959-09-19
Emily,Gomez,"20173 Becky Bypass, Lake Christopher, IL 89940",1956-01-31
Holly,Beard,"2542 Dakota Ranch Apt. 887, Barnetttown, TN 56689",1970-07-06
Adam,Howe,"USCGC Anderson, FPO AE 42524",1925-01-03
Judith,Cummings,"USS Strickland, FPO AE 64272",1928-07-22
Jacob,Paul,"25320 Baker Falls Apt. 739, South Jenniferland, CO 06130",1939-12-21
Deborah,Deleon,"8561 Brown Islands Suite 292, South Angelview, OK 43318",1961-02-06
Stephanie,Kelly,"408 Hull Burgs, Elizabethberg, VI 27161",1966-02-26
Sherry,Schwartz,"07280 Michael Alley, Hernandezburgh, AK 45455",1927-08-06
Ellen,Little,"161 Dennis Spur, South Emilymouth, AK 19921",1945-10-23
Debra,Cowan,"56961 Kurt Drives Suite 874, New Anthonyside, NH 48063",1947-12-11
Alison,Dunn,"3578 Robinson Camp, Lake Jenna, HI 27118",1974-03-26
Kristy,Stevenson,"407 Ward Island, West Ashley, SD 44941",1929-02-26
Christopher,Lara,"8709 Ortiz Causeway, North Elizabeth, OR 26355",1958-07-04
Brittany,Washington,"883 Mclaughlin Corner Suite 032, New Davidmouth, WA 58580",1949-07-20
Christian,Williams,"4539 Richard Creek Suite 970, Lake Jamesberg, AZ 52514",1950-12-17
Jennifer,Lee,"2404 Hamilton Springs Suite 358, Bethborough, AS 77895",1935-11-17
Joseph,Knight,"01507 Pace Highway Suite 076, North Danielstad, NV 49672",1983-04-28
Lindsay,Horton,"Unit 3618 Box 3088, DPO AA 56395",1963-08-09
Walter,Williams,"PSC 0107, Box 2180, APO AE 93394",2000-04-29
Caleb,Guerra,"8828 Sanchez Station, South Patricia, IA 73526",1998-08-19
Jim,Campbell,"772 Kaylee Ports Suite 969, Port Ronald, ND 42043",1932-04-26
Kevin,Gibson,"4248 Grimes Heights, Clarkeland, RI 12638",1960-04-24
Kyle,Russell,"999 David Locks, Lake Laurashire, ND 51030",1975-02-28
Wanda,Swanson,"67404 Linda Points Suite 368, Shelbyhaven, MP 20161",1965-01-04
Robert,Bishop,"790 Roberto Parks, New Michelle, SD 85936",1927-03-10
John,Hoffman,"82993 Sarah Harbor Suite 276, West Kathryn, LA 79059",1987-04-01
Steven,Jackson,"36406 Becky Manors Suite 466, Hayesfurt, GU 57531",1959-12-23
Brian,Odom,"9585 Sullivan Plains Apt. 186, Masonshire, AS 87166",1968-07-04
Thomas,Franco,"PSC 3508, Box 7741, APO AA 18740",2001-03-29
Michael,Pearson,"PSC 1695, Box 4035, APO AE 54983",1983-12-11
Rebecca,Walker,"036 Jeremy Meadow Suite 800, Kelseymouth, VA 29699",1964-08-29
Jared,Cook,"99720 Nicholson Grove, Underwoodchester, GU 59682",1995-12-29
James,Bowers,"83079 Jesus Greens Suite 610, Nathanielport, NY 09478",1991-09-29
April,Bell,"6279 Patricia Mountain, Wolfeville, MN 19952",1931-03-13
Gina,Anderson,"51879 Jordan Pine Apt. 289, Port Kellytown, MD 50113",2000-09-05
Charles,Gonzalez,"7017 Justin Courts, New Mariabury, RI 98273",1945-04-08
Tracy,Kent,"311 Garcia Loaf Suite 572, Shaneview, GA 19406",1988-05-24
Heidi,Hernandez,"7510 Alexandra Orchard Apt. 064, Whitneybury, AZ 53798",1953-01-04
Richard,Blanchard,"037 Rodriguez Square Suite 027, North Troymouth, TN 62034",1979-07-29
Sarah,Goodwin,"6475 Austin River Suite 279, Oliverport, IL 72830",1976-05-13
Mary,Rhodes,"2830 Gilmore Unions, North Christopher, SC 92963",1965-10-30
Jose,Carey,"97200 Pierce Valley Suite 543, Michaelburgh, RI 68110",1939-10-02
Christopher,Parker,"717 Brandon Vista, South Tyler, PA 90307",1946-04-16
Tammy,Villegas,"8827 Amanda Creek Suite 640, Ellenmouth, MA 20532",1936-05-29
Kristine,Rodriguez,"11107 Dale Shoal, North Bradley, AL 28565",1986-06-20
Linda,Barker,"401 Baker Inlet Apt. 939, Ellenview, WV 72917",1939-03-22
Marcus,Villanueva,"4345 Sharon Terrace Apt. 407, Turnerhaven, CO 10403",1969-01-06
Brianna,Harper,"1223 Roberts Mill Apt. 716, Delgadomouth, TN 09719",1934-11-26
Monica,Riley,"473 Elizabeth Union Apt. 378, Joshualand, OR 68467",1994-11-03
Carlos,Salinas,"03610 Soto Parks, Harrisonborough, PR 81993",1998-07-06
Andre,Kelly,"2144 Adam Orchard, Bairdside, KS 25571",1963-08-25
Diane,Neal,"39287 Andrea Port, North Tiffany, CT 63128",2000-02-23
Kimberly,Meyer,"981 Murray Mission Suite 632, North Elizabeth, RI 41633",1967-05-11
Jill,Sanchez,"1731 Davis Mission Apt. 677, Tuckerville, GA 19344",1944-07-01
Stephanie,Hayden,"42999 Brown Terrace, Lake Roger, ID 32244",2004-12-20
Samuel,Cox,"212 Hernandez Mountains, Dalemouth, TN 50281",1968-12-30
Rita,Carroll,"4457 Woodard Crossing, Cruzshire, VT 38745",1987-09-25
Gloria,King,"USCGC Kaiser, FPO AP 39944",1961-10-14
Matthew,Greer,"Unit 3474 Box 9459, DPO AE 22647",1964-06-23
Marissa,Li,"10066 Hendricks Burg, Ryanfurt, NV 77658",1978-12-13
Dustin,West,"519 Carrie Island Suite 523, Donnafort, WI 52909",2003-02-22
Shane,Sosa,"0078 Williams Crossing Apt. 604, Phillipchester, DC 07117",1954-09-11
Ann,Lutz,"48223 Clark Loop, New Brycefort, VI 57111",1941-04-08
Stephanie,Guzman,"0903 Lawrence Hill Apt. 922, Boydstad, MH 03447",1929-12-06
Tracy,Blanchard,"45415 Tyler Valley Apt. 362, Ashleyport, PW 34311",2002-03-03
Andrew,Owen,"64533 Billy Haven Apt. 275, Mcdanieltown, FL 70609",1948-04-10
Adriana,Adams,"3070 Brianna Crossing, Greenberg, VA 97333",2005-01-08
Troy,Smith,"0439 Jimmy Tunnel, East Jonathanshire, ID 01822",1928-05-04
Charles,Flores,"313 Copeland Centers, Jefferyberg, MS 26644",2004-07-02
Matthew,Dunn,"Unit 0945 Box 7109, DPO AE 80714",1934-10-13
Curtis,Butler,"030 Richardson Garden, New Jonborough, DC 44546",1999-09-06
Joseph,Meza,"890 Anthony Courts Apt. 434, East Cody, AL 47298",1951-01-30
Daniel,Reid,"1360 Evans Land, Lake Tanyashire, DE 92900",1981-09-02
Jeremy,Clark,"7345 White Glen, South James, MD 02317",1986-08-20
Kristen,Montgomery,"30697 Mata Corner, Cuevashaven, MA 15675",1923-08-02
Paul,Guerrero,"8977 Donna Glen, Annbury, ME 52661",1977-09-19
Anthony,Lewis,"30861 Murphy Row Apt. 778, New Edwin, NJ 25815",1929-07-16
April,Washington,"38123 Bonnie Rest Apt. 281, Davidsonfort, MT 78173",1927-02-01
Darren,Terry,"380 Madison Motorway, Virginiabury, NV 09869",1934-11-20
Cassandra,Cochran,"5126 Justin Plaza, Lisafort, MS 50200",1949-09-28
Dana,Schwartz,"Unit 8576 Box 7953, DPO AA 00675",1950-08-14
Katherine,Cox,"258 Joseph Vista Suite 427, Lake John, ND 78754",2003-05-01
Jennifer,Gonzalez,"207 Hoffman Lane, Melissahaven, WA 65106",1983-01-29
Andrew,Thomas,"1352 Steven Rapids Apt. 778, South Brandibury, NJ 72700",1980-04-30
Vicki,Lane,"27287 Sergio Expressway Apt. 497, Nguyenmouth, NC 09023",1967-06-07
Angela,Barrera,"194 Buckley Lodge, Andrefort, GU 84702",1973-08-09
Megan,Ruiz,"392 Jason Forest, Christinetown, AS 53429",1978-12-21
Justin,Manning,"472 Scott Ridge, Sanchezton, VI 97475",1990-07-22
Stephen,Williams,"03213 Clements Shoals Suite 548, Scottport, NJ 90394",1958-04-20
Kathy,Gilmore,"76632 Erika Cape, Torreschester, MA 23869",2002-08-24
Thomas,Roach,"319 Peter Parkways Apt. 980, North Ryanmouth, SC 66021",1983-03-03
Dana,Lawrence,"275 Joshua Rapids Apt. 182, East Davidmouth, AK 65767",1941-03-13
Diana,Boyd,"0307 Johnson Row Suite 883, Robertsonmouth, UT 45966",1985-12-12
Steven,Ford,"22549 Lynn Flat, Jordanburgh, UT 24350",1963-12-30
Jonathan,Gardner,"0389 Morris Glen, Kennethport, TX 01921",1947-04-15
Albert,Smith,"PSC 3152, Box 0998, APO AP 69824",1997-02-06
Timothy,Wade,"PSC 1736, Box 6212, APO AE 83640",1932-02-20
Marie,Mccarty,"402 Brock Gardens Suite 076, Bakermouth, TX 45466",1944-11-09
Michael,Richardson,"2559 Jerry Fields, Brownstad, MT 71149",1986-07-30
Jacob,Hoffman,"39734 Leach Wells Apt. 552, Jillfort, OR 71612",1958-01-03
Anthony,Flores,"423 Gray Meadow, Gabrielport, AL 20985",1952-08-18
Robert,Valdez,"86571 Norman Light Apt. 542, Michaelview, CA 53031",1974-01-06
Brian,Robinson,"20670 Henry Pines, Thomasstad, FL 79450",1992-01-14
Pamela,Palmer,"2815 Peck Port Apt. 064, North Mary, ND 97807",1952-03-18
Nicole,Murphy,"9853 Hensley Spur, Jonathanville, WI 29660",2005-02-14
Jennifer,Love,"9561 Abigail Hollow Suite 227, Annahaven, MI 53465",1988-04-03
Brian,James,"0118 Morgan Plaza Suite 183, New Richardshire, MT 22255",1982-01-13
Ariel,Perez,"229 Perry Manor, Oscarshire, LA 93616",1995-11-02
Richard,Mccann,"325 Bennett Meadows Apt. 359, Brownview, PA 81941",1970-10-18
Mary,Lee,"62382 Michelle Meadows Suite 820, Lake Rachael, NV 80000",1999-02-01
Barbara,Rosales,"2625 Black Roads, Sarahmouth, KS 61718",1989-01-07
Kristen,Newman,"218 Williams Station, New Williammouth, FL 15567",1966-05-18
Shelley,Powell,"8157 Rogers Course, Barkerside, AL 82341",1990-08-16
Susan,Ramirez,"8396 Jennifer Plain Apt. 140, Cassandrahaven, FM 72977",1968-02-29
Vickie,Johnson,"195 James Mountains, New Anthony, MA 39271",1925-04-20
James,Chen,"USCGC Webster, FPO AE 56313",1978-06-22
Michaela,Jackson,"7779 Maurice Villages, Port Jeffery, NM 65217",2002-11-20
Calvin,Brown,"25770 Andrew Locks Apt. 283, North Phillipville, OK 27767",1937-05-14
John,Weiss,"1769 Fleming Field, Salinasmouth, KY 18721",1945-12-05
Sarah,Anderson,"293 Coffey Roads Suite 761, South Margaret, AL 81476",1967-11-04
David,Suarez,"112 Debra Radial, Kleinville, TX 31843",1957-08-22
Justin,Smith,"PSC 3697, Box 7581, APO AP 78009",1982-05-25
Andrea,King,"33926 Amanda Ferry, South Kayla, MH 32721",1934-01-02
Donna,Myers,"85897 Lance Common, Hartton, LA 22579",1948-03-17
Andrea,Porter,"5148 Marcus Drives Suite 629, New Mary, MH 47820",1986-12-02
Nancy,Williams,"USNS Mata, FPO AE 10091",1927-07-29
Ana,Anderson,"03736 Tiffany Station, Elizabethberg, KY 02037",1941-05-05
Michael,Rosales,"86937 Patricia Union Apt. 888, Erikatown, FL 25100",1996-01-29
Spencer,Jones,"081 Smith Harbors Apt. 917, Brooksside, HI 15971",1982-07-19
Vincent,Gordon,"4493 Bailey Burgs Suite 265, New Angela, IL 64744",1952-01-29
Yolanda,Waters,"0367 Cheryl Village, Perezfurt, ND 42287",1992-02-27
Thomas,Costa,"7723 Bruce Plain, West Tabitha, AK 63595",1944-12-31
Mary,Delgado,"7173 Thomas Dale, Richardstown, NJ 97951",1993-08-26
Lisa,Smith,"967 Justin Walk, South Theresa, PW 88702",1964-04-29
Cheryl,Howell,"348 Bradley Well, West Amanda, MO 99410",1997-10-30
Herbert,Wood,"205 Jennifer Common, Lake Joseshire, CO 74846",1925-01-01
Evelyn,Martinez,"378 Patricia Park, Vanessastad, MT 47734",1976-05-08
Julie,Robbins,"28031 Katherine Valleys Apt. 666, Lake Derrick, VI 51008",1975-07-22
Christopher,Wyatt,"PSC 1735, Box 6076, APO AP 98411",1925-07-26
David,Harris,"67156 Combs Cliffs Apt. 641, New Benjaminside, MO 27513",1945-09-24
Tammy,Lara,"71994 Lewis Keys Suite 123, Dillonview, RI 67343",1941-08-05
Tasha,Hicks,"47175 Jimmy Avenue, Mercerfort, LA 51585",1923-10-22
Jonathan,Wilson,"4268 Johnson Key, Rachelberg, MA 59136",1961-01-27
Angela,Stokes,"1449 Wilson Stravenue, Fosterchester, WV 79378",1989-06-02
Michael,Newman,"7276 Steven Loop, New Anthonyburgh, FM 44996",1984-06-26
Rachel,Hardin,"79387 Brandon Bridge Suite 835, New Lisa, CA 78372",1982-04-01
Anita,Roberts,"80904 Robin Freeway, New Timothychester, IA 05639",1997-08-26
Angela,Turner,"39147 Lopez Lodge Suite 901, Johnsonland, VI 32850",1968-01-12
Raymond,Duran,"127 Gregory Square Apt. 090, East Tracytown, NH 54268",1949-02-12
Joy,Parker,"905 Woods Stream Apt. 810, Jonville, IN 99179",1938-05-28
Jeremy,Hill,"55807 William Parks Suite 295, East Bradleyfort, OR 77553",1926-12-28
Christopher,Esparza,"4011 Ronald Pike, West Jessicaborough, MT 08842",1982-07-31
Kenneth,Patterson,"Unit 5784 Box 0633, DPO AP 03130",1941-04-15
Jeffrey,Luna,"USCGC Anthony, FPO AP 49371",2001-03-30
Daniel,Stewart,"06215 Rhonda Parkway Apt. 712, Bowenbury, MD 02025",1940-01-17
Antonio,Munoz,"4607 Ramos Tunnel, Port Brianbury, OH 27241",1994-12-26
Kristy,Thomas,"PSC 2888, Box 2209, APO AP 93885",1992-02-14
Aaron,Dunn,"11211 Meadows Green, Port James, NC 18934",1985-07-13
Joseph,Morris,"848 Kathryn Wall, Lake Lindsay, AR 79745",1994-01-12
Brian,Sullivan,"502 Doyle Turnpike, Wellsfort, MP 33987",1986-05-11
Randall,Vasquez,"59333 Rogers Union Suite 310, Michaelstad, DC 68329",1983-06-07
Brandon,Reyes,"221 Latoya Mission Suite 741, Samuelhaven, MD 66327",1944-06-10
Tonya,Jones,"Unit 1786 Box 6522, DPO AA 71199",1962-12-11
Leah,Douglas,"592 Jennifer Keys Apt. 247, Brownside, WI 27119",1924-05-11
David,Castillo,"63090 Dyer Plains Suite 406, North Jeffrey, NV 27150",1986-12-04
Matthew,Williams,"8971 Garcia Spring Suite 791, Dennismouth, NJ 43813",1999-07-28
Lisa,Brown,"05511 Simon Village Apt. 070, West Erinfort, NC 71742",1948-10-15
Erin,Alexander,"PSC 4780, Box 8353, APO AA 37605",1999-04-16
Carrie,Sims,"3417 Lawrence Cape, Dawnshire, WI 18413",1985-06-14
Heather,Yu,"2696 Thomas Village Apt. 930, Garrisonborough, UT 40873",1929-11-22
Joseph,Gutierrez,"317 Brooks Brook, Lake Willie, ND 03634",1988-07-04
Betty,Tapia,"823 Matthew Falls Apt. 175, East Cody, AR 76199",1979-02-03
Kimberly,Cannon,"8211 Gabrielle Loop Suite 477, Maryberg, CA 04193",1937-09-19
Brooke,Price,"108 Villarreal Crescent, New Danieltown, AL 63838",1925-12-22
Steven,Jones,"7341 Tami Forks Suite 936, Russellstad, MS 85857",1961-08-02
Angela,Butler,"719 Patricia Crossing, Lake Elizabethbury, CA 34332",1931-05-04
Kimberly,Jimenez,"291 Lee Walk, Kingburgh, LA 38551",1949-07-29
Lisa,Jones,"4137 Craig Drives Suite 440, Port Amy, FM 70887",1987-07-14
Carly,Padilla,"3194 Jerry Rue, Parkbury, ME 09289",1940-10-19
Morgan,Rivera,"0086 Julie Village, Port Carmen, WA 66282",1944-02-12
Nathan,Gilbert,"402 Holly View, Port Xavierberg, WI 39635",1962-11-27
Debra,Berry,"2389 Cameron Groves, Hoffmanmouth, CT 54348",1928-07-01
Sherry,Odom,"PSC 0615, Box 4229, APO AP 48070",1992-10-30
Ricky,Brewer,"2539 Jonathan Curve, New Ryanbury, PA 01393",1977-04-03
Karen,Oconnor,"25564 Matthew Burg, Markport, MP 16131",1981-07-27
Joseph,Taylor,"3454 Wilson Estates, West Francisco, AR 06268",1933-01-13
Larry,Goodwin,"87408 Sheila Shoal Suite 353, Dunntown, NJ 60445",1976-08-06
Morgan,Lyons,"483 Zavala Viaduct Suite 633, Marvinport, MS 63322",1958-01-11
Paula,Clark,"21904 Good Unions Apt. 105, Lake Ericmouth, MT 77150",1970-05-16
Andrew,Newton,"4981 Earl Junction Suite 735, North Cameron, AR 56289",1963-12-07
Robert,Brooks,"PSC 8865, Box 8522, APO AP 36916",1999-06-06
Edward,Rivera,"3041 Vincent Ville, New Matthew, SD 19188",1931-12-29
Alicia,Hughes,"3915 Andrew Shore Suite 897, South Savannah, MO 20330",1930-01-05
Timothy,Williams,"892 Hubbard Ville, North Janetown, VI 80548",1933-07-24
Janice,Whitney,"87723 Alexandria Mews, New Mariah, TN 02813",1967-08-02
Donna,Williams,"USNV Barry, FPO AE 44771",1970-06-07
Julie,Mcbride,"58459 Richard Drive Suite 140, North Ronaldstad, DC 50280",1981-01-05
Aaron,Gonzales,"777 Vickie Pass Apt. 625, South Timothy, ND 05670",1942-10-17
Sarah,Colon,"4845 Randy Locks Suite 332, Aaronside, KS 84304",1953-02-16
Jeff,Thompson,"PSC 1318, Box 7859, APO AP 30658",1977-09-29
Rebecca,Sheppard,"702 Weber Mews, Jenniferside, MI 22365",1924-12-06
Gregory,Thomas,"6350 Lauren Mountain, North Melissa, MP 99179",1965-09-20
Jeffrey,Stewart,"59521 Davidson Well Apt. 991, Port Omar, MD 55647",1931-09-07
Dylan,Rosario,"96572 Brenda Union Apt. 877, Gilbertside, MT 75608",1949-10-29
Eric,Griffin,"135 Hernandez Square Suite 999, Lake Kurtland, VT 11232",1977-09-02
Madeline,Sullivan,"USNS Evans, FPO AE 09764",2003-08-18
Troy,Johnson,"265 Dylan Stream Apt. 964, Joneshaven, PA 17812",1925-12-13
John,Andrade,"408 Johnson Cove Suite 288, Jacksonside, IL 33799",1984-12-18
Mitchell,Gonzales,"649 Jon Passage, Lake Sarah, CA 01021",1951-07-17
Adam,Alvarado,"86857 Adams Prairie, South Andrew, OR 03560",1940-02-28
Renee,Moore,"064 Christopher Estates Suite 526, Michaelburgh, PW 95296",1983-05-13
Ryan,Caldwell,"744 Sarah Cape Apt. 319, Christopherport, WA 86968",1956-05-08
Adam,Ochoa,"57991 Olivia Passage Suite 569, South Carl, DC 44142",1988-07-17
Dana,Carrillo,"56886 Taylor Haven, Juliemouth, MH 66164",1976-05-18
Kenneth,Hebert,"96932 Lauren Walks Apt. 166, Lake Michaelville, TX 14410",1960-04-11
Steven,Small,"68829 Mary Isle Apt. 845, North Barbarabury, KY 77415",1995-08-05
Carlos,Pruitt,"12614 Allen Vista, Grantborough, WY 04127",1977-09-10
Janet,Daniels,"09381 Dominguez Point, East Michael, SC 71209",1964-04-22
Brenda,Carter,"5382 Krystal Pine Apt. 350, North Andrew, CT 80256",1959-01-04
Ryan,Carrillo,"Unit 7572 Box 5693, DPO AP 94672",1930-11-03
Kayla,Wilson,"2446 Padilla Ville, North Alexandra, AR 48712",1929-01-28
Carol,Parrish,"1967 Lambert Causeway, New George, UT 99381",1931-07-17
Bradley,Douglas,"53755 Vazquez Inlet, Stephanieton, IN 85200",1972-08-09
Willie,Johnson,"21732 Matthew Mountain Apt. 288, Port Albert, WV 05518",1985-06-22
Nicholas,Long,"328 Crystal Center Suite 104, Bradyshire, PW 75968",1943-01-04
Rachel,Thornton,"USNS Walters, FPO AE 97936",1936-01-21
Nicholas,Turner,"01125 Emily Drive, North James, WI 45571",1959-06-02
Terri,Wilson,"23750 Humphrey Glens, Hollyshire, TN 99349",1995-05-17
Tina,Washington,"44496 Susan Drives Suite 701, New Katie, WV 50075",1997-08-06
Robin,Stevens,"7109 Knight Shore Apt. 314, East Nicole, PA 51647",2005-04-20
James,Stewart,"36363 Chelsea Mills, New Stanleychester, AR 32033",1944-05-15
Lee,Hughes,"559 Welch Meadow Apt. 975, Pooleborough, AL 61335",1994-04-09
Robin,Wells,"8966 Johnson Stream, Davistown, KY 41394",1950-04-06
Kyle,Davis,"01846 Edward Light Suite 050, South Deborahbury, AS 84499",1938-08-30
Christine,Barnes,"5173 Brown Circles Apt. 763, Gomezville, ME 04132",1960-04-19
Barry,Johnson,"044 Maria Turnpike Apt. 365, East Kristina, AR 88487",1936-04-29
Karen,Figueroa,"4297 Michael Route Apt. 963, West Samantha, ME 35606",1945-05-05
Patricia,Mosley,"34856 Carpenter Village Apt. 106, Port Sandra, GA 23634",1928-11-04
Scott,Koch,"PSC 1307, Box 6686, APO AE 17607",1932-03-31
Alan,Marshall,"59498 Quinn Orchard Apt. 193, South Jaredville, IA 11260",1940-03-28
Robert,Conway,"PSC 9047, Box 0302, APO AP 25069",1930-12-05
Dennis,Roberts,"80178 Contreras Common, Lake Curtis, KY 59720",1975-04-27
Miguel,Wilson,"64837 Anderson Villages Apt. 104, Michellefurt, AR 43656",1952-03-27
Jenny,Lopez,"800 Charles Extensions, North Lindsaytown, SD 13315",1974-12-11
Erin,Fisher,"Unit 1264 Box 7574, DPO AE 46375",1957-11-13
Duane,Wade,"7381 James Field Apt. 557, New Dale, LA 91161",1975-04-29
Margaret,Rodriguez,"3979 Sanders Turnpike, South Travis, SC 04787",1999-11-16
James,Howe,"700 Elizabeth Burg Suite 827, South Douglas, OK 86256",1983-02-05
Kevin,Blackwell,"83578 Lawson Street, Norrisside, MN 38283",1965-11-27
Allison,Oconnor,"3105 Joshua Mills, Deborahland, GU 94555",1925-10-09
John,Trujillo,"66170 Phillip Extensions, Fullerberg, WA 67195",2000-11-07
Martha,Leon,"804 Chris Mountain, Thomasside, NH 81141",2002-10-02
Antonio,Frey,"7789 Powell Mall, West Mauriceberg, GU 48104",1970-04-13
Taylor,Lynch,"5865 Mccarty Bridge Suite 302, Larrybury, NM 38422",1955-06-25
Wayne,Yates,"347 Thomas River, Lake Zachary, NY 14483",1962-01-05
Nicholas,Cantrell,"34300 Andrade Landing Suite 298, South Howard, TX 38054",1970-02-22
Denise,Friedman,"25140 Bowers Point Suite 002, Braunmouth, IN 19691",1928-08-13
Mathew,Franklin,"3468 Vazquez Tunnel Apt. 743, Reyesside, MN 58863",1986-07-17
Scott,Vargas,"688 Le Heights Suite 180, Griffinmouth, AK 37554",1985-12-25
Manuel,Clarke,"09138 Peters Gateway Suite 713, Conleyburgh, DC 55603",2001-07-29
Larry,Evans,"Unit 8328 Box 2321, DPO AE 50263",1947-09-05
Pamela,Hudson,"18801 Webster Roads Suite 713, East Michaelmouth, NV 54406",1930-02-08
Alyssa,Mckenzie,"Unit 6866 Box 0843, DPO AE 63160",1956-07-07
Courtney,Rose,"57203 Jessica Canyon, Randolphmouth, NJ 07107",1930-01-25
Rebecca,Walker,"094 Oneal Lights, East Jackmouth, MN 52947",1970-04-09
Garrett,Roberts,"66499 Steven Stravenue Suite 224, Emilyborough, OR 33224",1944-06-10
Melanie,Jones,"741 Woodard Course Suite 355, Lopezland, MH 10805",1978-11-09
Deborah,Potts,"6604 Garcia Crest, Harrismouth, MT 98218",1939-06-12
Whitney,Donovan,"42576 Debbie Spring Apt. 983, Michelleshire, MD 01840",1985-07-02
Melody,Nichols,"USS Brown, FPO AE 44405",1931-01-12
James,Scott,"408 Trevino Junctions Apt. 797, Susantown, VA 53851",1936-01-27
Michelle,Bond,"22759 Joseph Fall Apt. 204, Wadeberg, CT 56416",1948-10-22
Kara,Maxwell,"4597 Daisy Road, Port Kristen, NY 70924",1949-10-16
Kristen,Rosales,"8051 Turner Ranch, Port Julie, MH 75546",1957-04-26
Sandra,Rogers,"63361 Miller Hills Suite 421, North Anthonyton, PA 62012",1970-09-25
Shawn,Rowland,"526 Breanna Shoal Suite 663, Lake Jaredfurt, OH 46692",1935-09-19
Jessica,Brown,"0406 Carla Forge, Carlosfort, NM 11054",1949-01-12
Sharon,Higgins,"2401 Ann Ville Suite 001, East Vanessaborough, NE 51218",1938-10-27
Dominique,Brown,"8061 Jimenez Mountain, Port Jennifershire, OR 96530",1999-07-10
Lori,Burke,"47848 Jordan Union Suite 662, Victoriaside, WY 96906",1928-04-06
Larry,Kramer,"767 Evans Shore Apt. 185, Bryanbury, GA 22881",1924-08-09
Penny,Perez,"40993 Kenneth Road Suite 689, Roberttown, MA 84826",1958-12-03
Zachary,Torres,"084 Jenna Mill Suite 320, Ramseyfort, WV 47955",1993-06-18
Brian,Rogers,"051 Pittman Mountain, North Sheilatown, NH 23584",1962-10-01
David,Rogers,"Unit 7793 Box 1727, DPO AP 23767",1943-08-31
Deborah,Waters,"7591 Regina Pines Suite 399, North Heatherchester, ND 09491",1994-12-10
Angelica,Shaffer,"94197 Scott Hill, Adrianville, WY 43220",1996-02-19
Pamela,Lewis,"42168 Hector Center Apt. 283, Larryberg, KY 36529",1962-04-29
Kelly,Lane,"46654 Cindy Way, New Linda, IL 92279",1981-10-02
Jonathan,Oconnor,"3492 Reed Isle, North Jenniferfurt, KS 85846",1999-09-25
Christopher,Baker,"903 Fisher Estates, Codyshire, AS 72475",1975-12-04
Matthew,Pitts,"1486 Hernandez Ferry, Port Tinahaven, DE 20930",1964-10-29
Tina,Wilson,"51523 Christine Spurs, Lake Kathrynview, VI 15461",1950-10-04
Daniel,Madden,"84319 Williams Summit Apt. 546, North James, OK 39266",1993-01-30
Hannah,Martinez,"47162 Walter Mount Suite 444, East Michael, RI 71983",1964-12-17
Emily,Cummings,"8397 Elizabeth Squares Suite 962, Shieldstown, VA 04097",1986-09-08
Hannah,Haynes,"828 Elizabeth Via, Arthurland, TX 16372",1952-01-28
Elizabeth,Richard,"86574 Taylor Shore Apt. 889, Hallview, PA 21748",1985-02-03
Lisa,Jacobs,"Unit 0162 Box 5867, DPO AP 76533",1939-01-12
Joseph,Shields,"279 Ward Junction, Valeriefurt, MN 11552",1994-06-19
Kelly,Hines,"34189 Christopher Mount, Lake Charles, NY 18211",1995-03-12
Zachary,Christian,"49710 Knapp Crest Suite 690, Kimland, VA 62295",1958-06-30
Richard,Brown,"3226 Wagner Lane Apt. 311, Port Amanda, FL 83676",1975-02-13
Jesse,Garza,"780 Angela Summit Apt. 808, New Javierstad, ND 93119",1976-05-26
Cindy,Lopez,"076 Wade Stravenue, Mitchelltown, PR 53306",1932-05-06
Kelly,Arnold,"25592 John Ridges, Gloverbury, DE 03661",1956-05-21
Vickie,Rodriguez,"15953 Baird Port Suite 907, Goodmantown, AS 15777",1941-05-17
Geoffrey,Grant,"73767 Simon Lake Suite 717, Adamsside, VI 36468",1935-03-27
Michael,Warren,"69649 Jonathan Curve Suite 197, Clineside, OR 79505",1991-04-17
Aaron,Martin,"361 Taylor Spring Apt. 590, Robbinsport, PW 11793",1977-06-11
Dean,Pierce,"731 Curry Village Suite 911, Rebeccaborough, FM 89852",1967-05-10
Victoria,Pham,"278 Christian Corner, Port Jeffrey, MO 41017",1965-11-23
Steven,Davis,"885 Elizabeth Station, North Michaelburgh, WA 62603",1961-07-15
Elizabeth,Gibson,"033 Kristine Island Apt. 769, New Susan, MO 28437",1941-02-05
Kyle,Rogers,"138 Lee Highway Suite 510, Burnsland, HI 07315",1964-04-05
Brittany,Smith,"952 Matthew Parkways Apt. 337, Stephenfort, CO 03780",1933-10-29
Connie,Mills,"80917 Brenda Locks Suite 284, East Sarah, WV 90191",1982-03-02
Michael,Greene,"9809 Robert Prairie Apt. 019, Maciaston, MA 80748",1952-04-01
Kristen,Malone,"9079 Katherine Gateway, Teresaville, KS 94486",1954-05-12
Erik,Humphrey,"USNV Owens, FPO AE 73231",1945-03-18
Allen,Nguyen,"65803 Kelly Harbors Apt. 677, Clarkside, DE 24178",1924-07-09
Robert,Stephens,"011 Morgan Hills Suite 700, Gabriellahaven, OK 33688",1984-01-25
Amy,Wood,"88741 Mathis Fall, Matthewmouth, NV 71820",1943-09-15
Patricia,Wright,"81661 Joseph Divide, New Cody, NE 96437",1973-10-07
Deborah,Clark,"6982 Peter Land Suite 469, Sarahton, RI 61212",2004-07-06
Kevin,Smith,"884 Todd Shores Apt. 919, Erinchester, NH 36530",1978-12-05
Matthew,Daniels,"90429 Benjamin River Apt. 176, Wandafurt, ND 03310",1926-01-17
Keith,Morrow,"57611 Andrew Dam Apt. 430, East Paula, MI 34940",1925-08-27
Luis,Miller,"3016 Brenda Inlet Apt. 567, Martinfort, WI 65640",1947-05-23
Andrew,Chaney,"718 Peterson Garden, Charlesview, ME 36236",1931-01-16
Scott,Wood,"0108 Taylor Views, Davidview, AS 56075",1980-06-27
Randy,Butler,"80875 Smith Lane Suite 698, West John, IA 43212",1942-03-29
Anna,Price,"75795 Christopher Unions Apt. 310, New Roger, WA 69367",1964-09-30
Eric,Turner,"Unit 0761 Box 0937, DPO AA 41814",1964-03-13
John,Long,"81259 Martinez Park, South Vickiview, MP 20105",1930-06-12
Frank,Collier,"9129 Anthony Avenue Suite 567, Port Jamie, CO 00825",1942-05-07
Michele,Franklin,"348 Wilkinson Extension Suite 296, South Jennifer, TN 79259",2003-06-29
Alexandra,Smith,"230 Stewart Manors, Nelsonmouth, NV 59040",1947-08-01
Samuel,Rodgers,"303 Anderson Crossing, Lake Mario, MI 28801",1973-08-11
